customer_id,gender,age,city_id
1,F,48,17
2,M,19,17
3,M,70,6
4,M,54,3
5,M,41,4
6,M,53,20
7,M,55,3
8,F,58,19
9,F,32,7
10,F,31,9
11,F,24,10
12,F,36,3
13,M,45,20
14,M,20,18
15,M,48,9
16,M,38,3
17,M,39,10
18,M,44,18
19,F,55,17
20,M,58,18
21,F,58,4
22,M,32,4
23,M,63,18
24,M,33,10
25,M,61,11
26,M,59,9
27,F,32,2
28,M,56,14
29,F,18,1
30,F,65,5
31,F,26,15
32,F,51,1
33,M,20,5
34,M,69,12
35,M,43,5
36,M,35,12
37,M,38,7
38,M,58,4
39,F,65,18
40,F,55,5
41,M,26,6
42,F,17,6
43,F,66,14
44,M,33,6
45,M,40,2
46,F,30,7
47,F,38,10
48,M,30,1
49,M,41,11
50,F,20,9
51,F,57,17
52,F,59,18
53,F,17,4
54,F,27,19
55,F,18,4
56,F,38,11
57,F,54,17
58,M,40,19
59,M,32,2
60,F,16,17
61,M,39,14
62,M,58,11
63,F,58,4
64,F,48,10
65,F,36,13
66,F,51,5
67,M,42,13
68,M,55,19
69,F,41,18
70,M,35,10
71,M,43,19
72,F,45,15
73,F,59,7
74,F,66,6
75,M,34,17
76,F,21,8
77,F,30,7
78,M,17,2
79,M,46,20
80,M,45,14
81,M,61,13
82,F,41,8
83,M,57,1
84,M,65,14
85,M,27,17
86,F,19,18
87,M,70,4
88,F,24,15
89,F,64,15
90,F,69,18
91,F,26,16
92,F,32,8
93,F,65,17
94,F,56,8
95,F,44,3
96,F,31,9
97,F,36,18
98,M,24,5
99,M,40,5
100,M,20,14
101,F,37,18
102,F,42,2
103,M,69,14
104,F,65,19
105,M,70,19
106,F,46,1
107,F,35,13
108,F,50,18
109,M,47,8
110,F,43,16
111,M,40,11
112,F,62,6
113,F,24,20
114,M,41,19
115,M,21,14
116,M,45,6
117,M,32,13
118,F,29,15
119,F,37,13
120,F,64,14
121,F,69,3
122,F,17,18
123,M,38,8
124,M,65,2
125,M,31,7
126,M,55,5
127,M,24,16
128,M,52,7
129,F,60,9
130,F,26,20
131,M,65,6
132,F,22,19
133,M,35,19
134,F,41,7
135,M,53,8
136,M,60,10
137,M,66,19
138,M,38,18
139,F,58,12
140,M,48,11
141,M,70,14
142,F,22,14
143,F,56,15
144,M,43,6
145,F,55,18
146,F,45,14
147,F,36,8
148,M,33,15
149,M,64,15
150,F,37,1
151,F,70,11
152,M,47,7
153,F,67,9
154,F,33,20
155,F,51,1
156,M,21,8
157,F,47,18
158,M,60,16
159,F,44,1
160,M,34,8
161,F,60,8
162,F,58,19
163,F,46,18
164,F,43,18
165,F,38,15
166,F,35,9
167,M,23,7
168,F,23,18
169,M,28,7
170,F,33,19
171,F,22,7
172,F,30,12
173,M,35,1
174,M,33,2
175,M,51,10
176,M,56,16
177,M,16,19
178,F,46,16
179,F,37,6
180,M,32,16
181,M,68,3
182,F,47,3
183,M,25,5
184,F,21,8
185,M,51,14
186,M,65,17
187,F,44,15
188,F,53,14
189,F,52,20
190,M,55,4
191,M,56,7
192,F,58,3
193,M,31,6
194,M,26,1
195,F,44,20
196,F,34,2
197,M,34,10
198,F,20,8
199,F,66,19
200,M,43,4
201,M,57,5
202,F,68,5
203,M,19,6
204,F,54,19
205,F,44,4
206,F,60,10
207,F,33,17
208,F,44,3
209,M,43,11
210,F,17,3
211,M,59,19
212,M,64,9
213,M,64,6
214,F,49,15
215,F,27,19
216,F,56,16
217,M,46,12
218,F,37,11
219,M,70,6
220,F,42,16
221,F,58,13
222,M,45,3
223,F,32,11
224,M,65,13
225,M,58,18
226,F,42,2
227,M,49,12
228,F,56,15
229,M,29,9
230,M,34,15
231,F,23,1
232,M,61,6
233,F,51,1
234,F,21,8
235,M,45,4
236,M,47,10
237,F,42,16
238,F,31,15
239,M,40,7
240,M,20,9
241,F,37,17
242,F,68,1
243,F,62,10
244,F,25,15
245,F,38,11
246,F,45,11
247,M,60,8
248,F,30,14
249,M,36,16
250,F,40,5
251,F,18,5
252,F,22,15
253,M,49,15
254,M,62,5
255,F,57,5
256,M,46,9
257,F,55,13
258,M,70,11
259,F,36,16
260,M,55,3
261,M,56,10
262,M,63,3
263,F,22,4
264,F,26,10
265,M,18,11
266,M,34,12
267,F,43,5
268,M,49,14
269,M,26,6
270,M,55,13
271,M,47,19
272,M,30,15
273,F,45,9
274,M,67,15
275,F,59,18
276,M,20,15
277,F,53,10
278,F,60,9
279,F,70,10
280,M,40,16
281,M,31,13
282,F,52,10
283,F,17,13
284,F,16,19
285,M,54,16
286,F,65,8
287,F,30,7
288,F,59,5
289,M,56,2
290,F,66,15
291,M,53,12
292,M,21,10
293,F,63,14
294,M,28,5
295,F,49,17
296,F,69,6
297,F,68,16
298,F,63,11
299,M,45,3
300,M,64,8
301,F,70,18
302,F,21,13
303,M,32,18
304,M,45,12
305,F,53,13
306,F,22,8
307,F,17,20
308,F,55,8
309,M,56,15
310,F,57,14
311,M,24,2
312,M,35,16
313,M,22,8
314,M,40,15
315,F,58,18
316,F,53,5
317,F,57,4
318,F,55,14
319,F,18,12
320,M,44,15
321,M,70,12
322,M,59,12
323,F,19,13
324,F,28,4
325,F,21,7
326,M,19,11
327,M,24,19
328,M,20,18
329,M,53,7
330,M,37,5
331,M,33,5
332,M,50,9
333,M,23,1
334,M,16,12
335,M,53,11
336,M,27,9
337,M,24,14
338,M,63,3
339,F,44,12
340,M,44,17
341,M,55,2
342,F,45,1
343,M,46,13
344,F,59,4
345,F,61,15
346,M,21,11
347,M,20,5
348,F,55,19
349,F,40,20
350,F,45,17
351,F,22,4
352,M,43,15
353,M,42,11
354,F,41,14
355,M,36,14
356,F,58,9
357,F,25,16
358,M,21,3
359,M,43,4
360,F,67,5
361,M,53,18
362,F,58,4
363,F,38,14
364,M,34,20
365,F,38,4
366,M,25,16
367,M,70,4
368,F,70,18
369,F,23,9
370,M,67,14
371,M,54,9
372,M,27,9
373,F,37,12
374,M,27,5
375,F,20,5
376,M,21,17
377,M,40,14
378,F,37,6
379,F,35,11
380,M,19,5
381,M,64,20
382,M,59,3
383,F,44,14
384,F,54,15
385,F,33,7
386,M,38,14
387,M,34,19
388,F,49,10
389,M,30,13
390,M,16,7
391,F,29,5
392,F,34,11
393,M,16,16
394,F,27,5
395,F,50,8
396,F,20,13
397,M,43,1
398,F,20,11
399,F,52,13
400,F,34,4
401,F,17,11
402,M,67,20
403,F,69,12
404,M,43,4
405,M,43,19
406,F,49,3
407,F,35,11
408,M,37,6
409,M,48,4
410,M,65,12
411,F,62,5
412,M,22,5
413,F,28,6
414,M,64,3
415,M,65,16
416,F,64,19
417,F,59,19
418,F,56,11
419,M,44,3
420,F,44,10
421,F,53,2
422,F,48,3
423,F,45,15
424,M,19,12
425,F,20,3
426,F,45,19
427,M,44,19
428,M,36,20
429,F,48,5
430,M,44,4
431,F,61,3
432,M,18,8
433,F,44,17
434,M,39,12
435,F,40,14
436,F,59,20
437,M,66,11
438,M,37,4
439,F,34,9
440,M,37,3
441,M,38,10
442,F,24,20
443,M,35,18
444,F,57,11
445,M,58,17
446,M,57,14
447,F,17,12
448,F,27,7
449,F,65,16
450,M,30,5
451,M,20,10
452,M,48,18
453,M,58,11
454,M,54,13
455,M,26,6
456,M,62,15
457,M,42,12
458,M,44,20
459,F,64,15
460,M,50,8
461,F,67,16
462,M,39,19
463,F,45,10
464,F,48,17
465,F,26,7
466,M,32,2
467,F,39,18
468,M,61,17
469,M,34,3
470,M,33,15
471,M,69,14
472,M,30,15
473,F,17,14
474,M,41,17
475,F,31,13
476,M,39,8
477,M,36,4
478,F,66,5
479,M,18,10
480,F,60,5
481,F,44,20
482,M,21,1
483,F,29,5
484,F,23,10
485,M,35,4
486,M,31,14
487,F,20,4
488,F,54,18
489,M,56,17
490,M,61,5
491,F,43,1
492,F,31,19
493,F,27,3
494,F,20,17
495,M,40,16
496,M,56,13
497,F,32,1
498,F,66,3
499,F,31,4
500,F,24,2
501,F,50,11
502,M,69,15
503,F,56,6
504,M,20,15
505,M,34,7
506,M,66,7
507,M,36,10
508,F,68,18
509,F,32,2
510,M,34,12
511,M,57,11
512,F,23,12
513,F,41,15
514,F,37,6
515,F,60,16
516,F,67,17
517,F,67,3
518,F,21,14
519,M,50,10
520,F,22,3
521,F,58,10
522,F,44,20
523,F,26,15
524,F,44,2
525,F,55,14
526,F,56,2
527,M,58,13
528,F,48,6
529,M,25,20
530,F,18,5
531,M,31,12
532,F,40,19
533,M,54,5
534,F,39,12
535,F,64,3
536,M,49,12
537,F,36,9
538,M,23,1
539,M,47,17
540,F,51,4
541,F,65,9
542,F,29,20
543,F,60,16
544,M,23,5
545,M,44,6
546,F,21,11
547,F,61,3
548,F,35,6
549,M,66,12
550,M,23,7
551,M,31,16
552,M,39,18
553,F,45,18
554,M,55,3
555,M,35,13
556,F,49,14
557,F,68,19
558,M,24,11
559,M,44,15
560,F,24,18
561,M,65,5
562,F,48,2
563,M,49,5
564,F,26,6
565,F,61,8
566,F,49,10
567,M,32,7
568,F,24,10
569,M,48,6
570,M,26,20
571,F,69,19
572,M,68,1
573,M,18,19
574,F,57,7
575,F,55,1
576,F,56,18
577,F,57,10
578,F,31,13
579,F,45,3
580,M,26,15
581,F,46,15
582,M,37,20
583,M,36,11
584,F,41,5
585,F,48,18
586,M,36,8
587,F,23,9
588,F,31,5
589,M,19,10
590,F,55,14
591,M,26,11
592,F,28,6
593,F,48,15
594,F,35,16
595,M,21,13
596,F,31,7
597,F,19,2
598,F,47,20
599,F,34,18
600,M,70,4
601,F,24,9
602,F,64,13
603,F,18,13
604,M,52,18
605,M,39,18
606,F,20,13
607,F,64,18
608,F,68,20
609,M,24,4
610,F,39,11
611,F,64,5
612,M,54,17
613,F,48,2
614,M,18,5
615,F,67,16
616,F,25,20
617,M,36,20
618,F,26,13
619,F,53,11
620,F,61,19
621,F,46,1
622,F,37,4
623,F,53,10
624,M,54,16
625,F,57,19
626,M,62,2
627,F,26,17
628,F,25,8
629,M,52,4
630,M,17,15
631,F,42,5
632,F,60,7
633,F,48,20
634,F,70,2
635,M,49,7
636,F,58,16
637,F,36,6
638,F,50,11
639,F,59,9
640,F,28,8
641,F,51,10
642,M,35,10
643,M,60,16
644,F,46,12
645,F,34,4
646,F,41,12
647,M,34,2
648,F,61,3
649,F,44,9
650,F,29,7
651,F,51,9
652,M,22,20
653,M,31,2
654,M,56,8
655,M,22,14
656,F,61,16
657,M,59,5
658,M,51,6
659,F,57,16
660,F,57,7
661,F,36,10
662,M,65,3
663,M,50,2
664,M,42,6
665,M,69,13
666,F,27,10
667,M,16,10
668,M,37,10
669,F,57,18
670,F,24,17
671,F,33,7
672,M,37,6
673,F,57,9
674,M,16,11
675,F,52,7
676,M,55,13
677,F,48,11
678,M,41,4
679,M,24,16
680,F,31,1
681,F,40,8
682,F,64,9
683,F,35,19
684,M,32,12
685,M,19,4
686,F,35,6
687,F,59,17
688,F,60,4
689,F,39,20
690,M,30,5
691,F,25,15
692,F,42,18
693,F,64,18
694,M,64,8
695,M,49,15
696,F,20,19
697,M,19,18
698,M,52,18
699,M,26,11
700,F,23,7
701,F,21,17
702,F,67,2
703,F,24,17
704,F,45,19
705,M,51,15
706,F,62,1
707,F,32,1
708,M,53,3
709,M,43,12
710,M,50,2
711,M,46,2
712,F,42,6
713,M,65,14
714,F,40,15
715,F,40,3
716,M,57,12
717,M,27,18
718,F,49,5
719,M,69,1
720,M,35,15
721,F,50,13
722,M,31,15
723,F,25,9
724,M,62,4
725,M,67,14
726,M,31,7
727,M,22,20
728,M,44,20
729,M,31,2
730,F,44,8
731,M,64,2
732,M,48,10
733,M,68,19
734,F,52,20
735,F,31,10
736,M,58,17
737,M,42,10
738,F,19,18
739,M,56,14
740,F,19,12
741,F,66,17
742,F,60,14
743,F,25,10
744,F,27,18
745,F,31,8
746,F,70,5
747,F,19,18
748,F,42,18
749,M,40,8
750,F,29,11
751,M,44,12
752,M,50,7
753,M,33,13
754,M,20,7
755,M,46,7
756,F,35,1
757,M,28,4
758,F,31,20
759,M,41,8
760,F,65,10
761,F,45,18
762,F,35,9
763,F,48,16
764,F,22,16
765,F,29,12
766,F,42,2
767,M,63,5
768,M,32,18
769,F,34,5
770,M,37,8
771,F,52,8
772,F,51,11
773,F,64,16
774,F,45,6
775,F,26,5
776,F,27,18
777,M,49,2
778,M,68,2
779,M,42,5
780,M,20,5
781,M,29,17
782,F,39,2
783,F,58,16
784,M,16,18
785,F,16,1
786,F,50,10
787,M,48,14
788,M,22,4
789,M,31,7
790,F,68,12
791,F,66,13
792,M,39,13
793,F,52,8
794,M,35,3
795,M,21,13
796,F,40,18
797,F,19,1
798,M,21,16
799,F,57,11
800,M,49,2
801,M,29,19
802,F,33,2
803,M,59,9
804,M,27,11
805,M,29,19
806,M,64,13
807,M,35,6
808,M,52,13
809,F,40,5
810,M,48,12
811,M,22,14
812,M,69,3
813,F,54,20
814,F,65,11
815,M,56,9
816,F,47,8
817,F,51,13
818,F,27,19
819,F,21,20
820,F,67,8
821,M,21,9
822,M,40,5
823,F,36,12
824,M,21,1
825,F,44,12
826,F,22,5
827,M,27,14
828,F,51,18
829,F,22,1
830,M,38,18
831,M,54,20
832,F,40,1
833,F,42,13
834,M,62,18
835,M,52,17
836,M,59,13
837,M,24,9
838,F,33,16
839,M,20,6
840,F,33,14
841,F,46,3
842,F,32,8
843,F,54,20
844,M,45,4
845,M,35,1
846,F,37,20
847,F,67,11
848,F,37,14
849,M,35,11
850,M,46,11
851,M,41,11
852,F,63,16
853,M,36,13
854,F,68,13
855,F,23,19
856,M,53,18
857,M,59,18
858,M,62,15
859,M,44,10
860,M,68,14
861,F,24,10
862,M,32,5
863,F,66,13
864,M,44,20
865,F,53,13
866,F,50,2
867,F,60,18
868,M,22,8
869,F,26,20
870,M,52,13
871,F,66,14
872,M,16,4
873,F,30,17
874,M,44,12
875,F,45,19
876,M,38,1
877,F,22,10
878,F,21,4
879,M,38,10
880,F,45,7
881,F,38,16
882,M,44,15
883,F,20,10
884,M,67,4
885,M,70,11
886,M,59,6
887,M,49,6
888,M,37,18
889,F,45,8
890,F,56,6
891,M,56,14
892,F,17,20
893,M,44,19
894,F,40,1
895,M,29,9
896,M,52,4
897,M,39,11
898,M,45,4
899,F,58,16
900,F,54,13
901,F,53,4
902,F,38,15
903,M,68,10
904,M,59,5
905,F,23,8
906,F,23,6
907,F,60,5
908,F,42,20
909,M,52,13
910,F,27,16
911,M,51,6
912,F,34,5
913,M,36,15
914,M,38,1
915,F,24,7
916,F,51,17
917,F,42,16
918,F,61,15
919,F,26,3
920,M,66,8
921,F,18,9
922,M,50,10
923,M,65,15
924,F,51,17
925,M,52,4
926,F,65,18
927,F,50,2
928,F,50,7
929,F,22,8
930,F,18,15
931,F,38,3
932,F,23,8
933,M,67,19
934,F,61,20
935,F,26,20
936,M,66,7
937,M,67,2
938,F,50,9
939,M,36,10
940,F,52,9
941,M,24,14
942,M,33,5
943,M,31,5
944,F,69,8
945,F,47,5
946,F,56,14
947,F,44,3
948,M,41,17
949,F,60,12
950,F,47,11
951,M,65,3
952,F,56,12
953,M,66,18
954,F,29,14
955,M,47,9
956,F,69,10
957,F,51,19
958,M,52,16
959,F,59,2
960,M,22,15
961,M,23,6
962,F,45,1
963,F,28,5
964,F,26,9
965,M,57,12
966,F,21,12
967,M,19,13
968,F,62,8
969,F,57,3
970,M,16,7
971,F,20,5
972,M,49,15
973,M,16,11
974,M,43,5
975,F,20,8
976,F,21,4
977,M,36,12
978,F,24,13
979,M,57,5
980,M,49,19
981,M,55,6
982,F,38,7
983,M,42,20
984,F,29,3
985,M,24,4
986,F,38,14
987,F,66,5
988,M,33,3
989,M,51,20
990,F,65,1
991,F,29,17
992,M,63,13
993,F,57,2
994,M,47,13
995,M,31,16
996,M,49,1
997,F,36,5
998,F,69,19
999,F,39,18
1000,M,64,16
1001,M,17,19
1002,M,16,9
1003,M,18,2
1004,F,48,10
1005,F,43,13
1006,M,56,18
1007,M,33,3
1008,F,21,17
1009,M,67,5
1010,F,41,19
1011,M,35,14
1012,M,19,8
1013,M,43,4
1014,F,55,20
1015,M,35,6
1016,M,16,5
1017,M,26,16
1018,F,49,17
1019,F,26,12
1020,M,63,9
1021,M,65,1
1022,F,67,14
1023,F,49,3
1024,F,61,19
1025,M,47,15
1026,F,19,16
1027,M,39,6
1028,F,65,4
1029,M,30,17
1030,M,18,1
1031,M,18,16
1032,F,40,5
1033,M,70,2
1034,F,30,11
1035,M,42,11
1036,F,68,3
1037,F,23,17
1038,M,27,8
1039,M,41,3
1040,F,34,10
1041,F,21,18
1042,F,16,12
1043,M,34,19
1044,F,63,20
1045,M,45,12
1046,F,65,7
1047,M,25,1
1048,F,17,8
1049,F,56,1
1050,F,16,13
1051,F,22,7
1052,M,42,16
1053,M,25,9
1054,M,18,8
1055,F,60,12
1056,F,63,3
1057,M,48,5
1058,F,20,19
1059,M,43,5
1060,M,34,9
1061,F,67,13
1062,F,36,15
1063,F,30,3
1064,M,24,19
1065,M,25,4
1066,M,44,15
1067,F,42,4
1068,F,65,7
1069,F,35,15
1070,F,70,4
1071,M,26,10
1072,M,29,11
1073,M,21,8
1074,F,41,17
1075,M,59,10
1076,F,68,6
1077,M,41,15
1078,M,22,15
1079,M,67,5
1080,M,16,2
1081,M,24,7
1082,F,39,3
1083,F,68,3
1084,M,20,7
1085,F,67,5
1086,M,70,11
1087,M,18,15
1088,M,26,19
1089,F,68,13
1090,F,17,13
1091,F,27,12
1092,M,27,9
1093,F,44,5
1094,M,55,20
1095,M,57,10
1096,F,42,18
1097,F,19,3
1098,F,40,5
1099,F,28,17
1100,M,56,18
1101,M,40,12
1102,F,50,16
1103,F,52,17
1104,F,40,9
1105,M,17,11
1106,M,17,9
1107,M,67,16
1108,F,65,19
1109,M,26,4
1110,M,58,8
1111,F,50,2
1112,M,52,13
1113,F,69,6
1114,M,31,19
1115,F,67,12
1116,M,61,12
1117,M,52,7
1118,F,50,10
1119,M,47,2
1120,M,19,8
1121,M,17,17
1122,F,16,11
1123,M,67,5
1124,F,61,6
1125,F,19,1
1126,M,53,5
1127,M,70,17
1128,F,20,12
1129,F,53,4
1130,F,35,11
1131,M,26,14
1132,F,57,11
1133,M,61,18
1134,F,30,19
1135,M,40,10
1136,F,24,6
1137,M,60,19
1138,F,70,19
1139,M,27,20
1140,F,67,20
1141,M,56,19
1142,M,47,5
1143,F,63,3
1144,M,38,11
1145,M,56,3
1146,F,44,1
1147,F,29,8
1148,M,38,9
1149,M,62,1
1150,M,40,15
1151,F,26,14
1152,F,40,12
1153,F,22,16
1154,M,26,15
1155,M,67,2
1156,F,17,11
1157,F,22,3
1158,F,26,13
1159,M,62,3
1160,M,37,20
1161,F,61,1
1162,F,57,6
1163,F,26,2
1164,M,37,7
1165,M,42,18
1166,F,58,10
1167,F,31,4
1168,M,41,19
1169,F,25,2
1170,F,16,14
1171,M,34,20
1172,F,28,4
1173,M,29,6
1174,F,21,16
1175,M,35,13
1176,F,47,9
1177,M,57,18
1178,F,27,12
1179,F,39,6
1180,F,18,9
1181,F,45,9
1182,M,69,9
1183,M,25,4
1184,M,58,12
1185,F,64,19
1186,M,51,2
1187,F,68,17
1188,F,50,16
1189,M,46,10
1190,M,41,2
1191,M,23,15
1192,M,26,7
1193,M,24,2
1194,F,21,14
1195,M,68,5
1196,F,36,3
1197,M,40,18
1198,F,51,11
1199,F,49,15
1200,M,66,20
1201,F,23,14
1202,M,25,19
1203,M,22,19
1204,M,66,10
1205,F,42,9
1206,F,57,16
1207,F,18,6
1208,F,41,5
1209,F,18,13
1210,F,60,8
1211,M,63,16
1212,F,39,1
1213,F,68,10
1214,F,33,16
1215,M,30,5
1216,F,63,15
1217,F,33,14
1218,M,28,15
1219,M,68,14
1220,F,64,17
1221,F,68,2
1222,M,20,10
1223,F,24,17
1224,M,27,7
1225,M,69,2
1226,M,18,15
1227,M,39,7
1228,F,39,15
1229,F,56,4
1230,M,31,12
1231,F,54,15
1232,M,46,19
1233,F,38,6
1234,F,63,3
1235,F,17,13
1236,M,26,19
1237,M,70,8
1238,M,59,7
1239,F,57,14
1240,M,65,1
1241,F,24,6
1242,M,30,9
1243,F,61,9
1244,F,40,12
1245,F,32,7
1246,F,35,17
1247,F,53,4
1248,M,48,12
1249,F,35,4
1250,F,20,11
1251,F,56,11
1252,F,32,10
1253,M,25,17
1254,M,19,20
1255,F,58,11
1256,M,62,1
1257,F,34,9
1258,F,41,13
1259,M,53,19
1260,M,37,8
1261,F,58,12
1262,F,70,6
1263,M,34,4
1264,F,24,9
1265,M,59,11
1266,M,30,12
1267,M,63,10
1268,F,66,11
1269,F,32,19
1270,F,45,4
1271,F,19,19
1272,M,46,7
1273,M,59,13
1274,F,42,2
1275,M,24,7
1276,F,42,19
1277,F,25,11
1278,M,65,3
1279,F,37,6
1280,F,56,2
1281,M,44,9
1282,M,64,6
1283,M,47,3
1284,M,55,14
1285,F,41,14
1286,F,40,1
1287,M,50,7
1288,F,16,11
1289,M,17,1
1290,M,30,12
1291,F,24,4
1292,F,48,19
1293,F,26,3
1294,M,35,10
1295,F,62,17
1296,F,43,5
1297,F,47,12
1298,M,26,13
1299,M,30,8
1300,M,29,1
1301,M,23,12
1302,M,40,9
1303,M,54,2
1304,M,57,1
1305,M,60,4
1306,F,44,13
1307,M,51,9
1308,F,60,5
1309,M,60,1
1310,F,42,4
1311,F,55,20
1312,M,42,4
1313,M,34,4
1314,M,47,7
1315,M,65,9
1316,M,38,14
1317,F,26,2
1318,F,29,16
1319,F,31,1
1320,M,58,3
1321,M,69,19
1322,F,25,3
1323,M,62,4
1324,F,57,8
1325,F,34,9
1326,F,19,4
1327,M,18,10
1328,F,67,11
1329,F,63,4
1330,M,70,2
1331,M,70,5
1332,M,37,12
1333,F,55,9
1334,M,39,11
1335,M,23,13
1336,F,45,9
1337,F,60,16
1338,F,57,6
1339,M,24,2
1340,M,22,14
1341,F,67,19
1342,F,27,20
1343,F,65,12
1344,M,59,5
1345,F,47,4
1346,F,44,2
1347,M,32,11
1348,M,61,17
1349,M,58,11
1350,M,43,8
1351,F,38,13
1352,M,69,18
1353,M,16,6
1354,F,70,16
1355,M,20,16
1356,F,31,11
1357,F,19,17
1358,M,51,13
1359,F,68,8
1360,M,45,15
1361,F,21,16
1362,F,36,4
1363,F,63,1
1364,M,41,14
1365,M,51,18
1366,M,68,3
1367,F,48,18
1368,M,57,15
1369,F,39,2
1370,M,70,15
1371,F,51,20
1372,F,61,12
1373,F,23,4
1374,M,16,11
1375,F,69,10
1376,F,60,4
1377,M,26,16
1378,M,68,14
1379,M,32,20
1380,M,28,4
1381,F,29,15
1382,M,61,11
1383,M,64,14
1384,M,56,19
1385,M,65,15
1386,F,58,19
1387,M,47,1
1388,M,51,14
1389,F,48,6
1390,M,62,5
1391,M,40,20
1392,F,48,13
1393,F,54,8
1394,F,41,11
1395,F,44,5
1396,M,42,20
1397,F,69,18
1398,F,61,18
1399,M,28,7
1400,F,59,12
1401,M,61,6
1402,F,61,4
1403,F,51,16
1404,F,59,18
1405,F,70,14
1406,M,49,4
1407,M,40,5
1408,M,58,2
1409,M,33,6
1410,F,59,9
1411,M,69,2
1412,F,29,18
1413,M,38,15
1414,M,55,18
1415,M,63,18
1416,F,31,17
1417,F,60,2
1418,F,40,14
1419,F,51,2
1420,M,63,9
1421,M,55,15
1422,M,56,12
1423,M,65,7
1424,F,44,6
1425,M,27,6
1426,M,40,2
1427,F,33,18
1428,F,24,6
1429,F,16,11
1430,F,61,5
1431,M,25,11
1432,M,65,20
1433,F,47,19
1434,F,20,11
1435,M,27,17
1436,M,66,17
1437,M,42,18
1438,F,21,12
1439,M,29,11
1440,F,39,10
1441,M,64,20
1442,F,51,1
1443,M,58,12
1444,F,31,20
1445,M,18,11
1446,F,66,4
1447,F,32,18
1448,F,17,17
1449,F,48,17
1450,F,47,2
1451,F,57,7
1452,F,48,3
1453,M,26,18
1454,M,56,3
1455,M,58,7
1456,F,69,4
1457,M,50,14
1458,M,63,5
1459,M,45,11
1460,M,21,3
1461,M,27,9
1462,M,52,8
1463,F,42,13
1464,F,56,13
1465,F,36,1
1466,F,59,4
1467,M,57,20
1468,M,64,19
1469,M,60,3
1470,F,48,4
1471,F,66,10
1472,M,34,15
1473,F,41,1
1474,F,26,18
1475,M,24,13
1476,F,56,5
1477,F,59,12
1478,M,51,18
1479,M,23,2
1480,M,52,20
1481,F,50,18
1482,M,35,7
1483,F,29,14
1484,M,26,6
1485,M,55,9
1486,M,23,6
1487,M,70,18
1488,F,57,18
1489,M,34,3
1490,F,22,7
1491,F,37,12
1492,M,58,8
1493,M,34,20
1494,M,28,11
1495,F,44,11
1496,F,60,19
1497,M,52,19
1498,F,67,11
1499,F,26,1
1500,F,31,8
1501,F,33,12
1502,M,59,11
1503,F,45,15
1504,F,65,10
1505,F,51,4
1506,M,57,20
1507,M,69,9
1508,M,50,7
1509,F,62,3
1510,M,17,17
1511,M,68,19
1512,F,65,19
1513,M,18,18
1514,F,50,18
1515,F,57,5
1516,F,41,8
1517,F,24,15
1518,M,41,12
1519,M,58,8
1520,M,64,17
1521,M,44,6
1522,M,52,19
1523,M,63,16
1524,F,18,8
1525,F,30,3
1526,F,39,8
1527,M,58,7
1528,F,40,16
1529,F,18,2
1530,F,22,17
1531,F,69,9
1532,M,40,13
1533,F,53,3
1534,F,40,8
1535,F,38,12
1536,F,66,16
1537,M,48,5
1538,F,26,8
1539,M,48,9
1540,M,25,6
1541,M,39,20
1542,M,58,8
1543,F,67,11
1544,M,46,16
1545,F,29,19
1546,M,57,14
1547,M,31,2
1548,M,52,19
1549,M,24,17
1550,M,52,5
1551,M,26,9
1552,M,49,13
1553,M,62,10
1554,M,29,15
1555,F,46,6
1556,M,69,14
1557,M,66,19
1558,M,55,17
1559,F,26,11
1560,F,54,19
1561,M,30,13
1562,F,24,4
1563,M,28,17
1564,F,68,5
1565,M,27,16
1566,M,66,18
1567,M,21,16
1568,M,54,18
1569,M,65,14
1570,F,39,2
1571,F,30,16
1572,F,38,19
1573,M,43,5
1574,F,46,8
1575,M,34,20
1576,F,32,7
1577,M,61,1
1578,M,49,1
1579,F,57,7
1580,F,42,12
1581,M,25,14
1582,F,32,18
1583,F,52,12
1584,F,59,13
1585,M,42,18
1586,F,27,12
1587,F,32,10
1588,F,65,13
1589,M,70,4
1590,M,44,6
1591,M,29,17
1592,F,66,11
1593,M,26,13
1594,M,67,3
1595,M,46,20
1596,F,21,3
1597,F,30,12
1598,M,54,2
1599,F,41,20
1600,F,61,20
1601,M,65,6
1602,F,44,1
1603,M,70,17
1604,F,28,2
1605,M,55,6
1606,M,39,8
1607,M,26,3
1608,F,65,13
1609,F,58,13
1610,F,53,7
1611,M,63,3
1612,M,51,10
1613,F,38,9
1614,M,54,7
1615,F,41,19
1616,M,32,6
1617,F,48,4
1618,M,48,10
1619,F,23,17
1620,F,50,19
1621,F,60,15
1622,F,52,16
1623,M,64,11
1624,F,59,15
1625,M,46,4
1626,F,20,13
1627,M,59,8
1628,F,42,12
1629,M,60,9
1630,M,34,3
1631,F,59,11
1632,M,51,6
1633,F,36,12
1634,M,52,9
1635,M,63,7
1636,F,63,7
1637,M,63,8
1638,F,29,8
1639,M,69,8
1640,F,25,4
1641,M,21,16
1642,M,64,18
1643,M,70,16
1644,F,55,11
1645,F,52,9
1646,F,27,17
1647,F,41,8
1648,M,19,17
1649,F,46,18
1650,M,48,12
1651,F,59,6
1652,F,23,17
1653,F,36,1
1654,M,59,7
1655,F,53,4
1656,F,39,20
1657,F,27,18
1658,F,31,9
1659,F,55,11
1660,F,27,16
1661,F,29,14
1662,F,39,13
1663,F,44,6
1664,M,52,8
1665,M,62,9
1666,M,51,14
1667,F,28,5
1668,M,46,1
1669,M,42,16
1670,M,70,17
1671,F,66,16
1672,F,32,18
1673,M,41,4
1674,M,19,7
1675,F,46,4
1676,F,63,11
1677,F,39,12
1678,F,38,1
1679,F,23,12
1680,M,52,19
1681,M,65,10
1682,F,36,17
1683,F,65,15
1684,M,40,20
1685,F,45,5
1686,M,56,11
1687,F,56,20
1688,F,70,3
1689,M,26,11
1690,M,36,11
1691,F,61,9
1692,F,33,15
1693,F,63,19
1694,F,42,6
1695,M,70,1
1696,M,62,8
1697,F,63,3
1698,M,26,13
1699,M,22,3
1700,F,51,2
1701,M,65,13
1702,M,22,9
1703,M,21,13
1704,F,30,8
1705,F,44,5
1706,M,49,6
1707,M,18,12
1708,F,46,15
1709,F,51,15
1710,M,60,18
1711,M,53,20
1712,F,56,19
1713,F,49,18
1714,F,38,16
1715,M,67,3
1716,F,35,12
1717,F,32,5
1718,F,16,1
1719,M,38,10
1720,F,50,1
1721,F,64,16
1722,F,16,14
1723,F,54,8
1724,M,51,12
1725,M,42,18
1726,F,41,8
1727,M,61,13
1728,F,30,9
1729,M,43,8
1730,F,34,18
1731,F,42,7
1732,M,27,5
1733,F,23,15
1734,F,33,20
1735,F,28,11
1736,M,25,2
1737,M,27,4
1738,F,33,5
1739,F,62,1
1740,M,21,5
1741,M,47,7
1742,F,42,10
1743,F,39,15
1744,M,37,3
1745,M,19,9
1746,F,20,18
1747,F,27,7
1748,F,68,13
1749,M,23,8
1750,F,65,15
1751,M,63,2
1752,M,45,4
1753,M,46,13
1754,F,36,6
1755,M,63,18
1756,M,32,16
1757,F,28,12
1758,M,58,7
1759,M,31,14
1760,F,16,6
1761,F,53,4
1762,F,66,8
1763,M,18,19
1764,F,60,20
1765,M,39,3
1766,M,26,16
1767,M,59,20
1768,F,64,2
1769,M,38,5
1770,M,24,16
1771,M,36,18
1772,F,67,15
1773,M,17,13
1774,F,62,5
1775,F,18,16
1776,F,51,10
1777,F,28,19
1778,M,50,12
1779,F,62,15
1780,F,69,20
1781,M,20,17
1782,M,44,10
1783,F,50,12
1784,F,16,17
1785,F,62,6
1786,M,55,12
1787,M,36,3
1788,F,28,17
1789,F,65,18
1790,M,55,10
1791,F,42,11
1792,M,22,17
1793,M,18,5
1794,M,18,7
1795,M,47,7
1796,M,18,19
1797,F,58,16
1798,F,19,12
1799,M,54,3
1800,M,29,16
1801,M,45,2
1802,F,51,14
1803,F,66,2
1804,F,49,2
1805,M,69,10
1806,M,29,17
1807,M,22,8
1808,F,28,7
1809,M,52,6
1810,F,63,4
1811,F,59,15
1812,F,22,6
1813,M,51,13
1814,F,58,6
1815,F,38,11
1816,F,70,12
1817,F,64,14
1818,F,54,8
1819,M,40,18
1820,F,39,15
1821,F,41,1
1822,M,34,20
1823,M,49,5
1824,F,16,10
1825,M,29,11
1826,M,65,9
1827,M,22,2
1828,F,38,5
1829,M,32,12
1830,M,30,9
1831,F,21,19
1832,F,52,7
1833,M,62,11
1834,F,27,16
1835,M,54,10
1836,M,62,19
1837,F,21,2
1838,F,38,14
1839,F,23,8
1840,M,56,13
1841,M,35,17
1842,M,36,18
1843,M,36,17
1844,M,25,2
1845,F,44,20
1846,M,30,14
1847,F,66,13
1848,M,24,11
1849,M,46,19
1850,M,51,13
1851,F,21,13
1852,F,65,5
1853,M,46,18
1854,M,47,13
1855,M,51,20
1856,M,31,3
1857,F,65,14
1858,F,59,19
1859,M,23,14
1860,F,39,12
1861,M,36,12
1862,M,65,10
1863,M,38,20
1864,F,55,5
1865,F,18,8
1866,M,59,12
1867,M,64,3
1868,M,63,2
1869,M,55,5
1870,F,16,11
1871,M,35,15
1872,F,17,11
1873,M,63,18
1874,M,29,18
1875,F,51,16
1876,M,60,1
1877,F,53,17
1878,M,32,6
1879,M,34,7
1880,F,19,15
1881,M,20,13
1882,F,58,12
1883,M,17,10
1884,F,30,13
1885,M,36,16
1886,M,27,7
1887,F,51,1
1888,M,31,17
1889,F,37,16
1890,F,63,6
1891,M,38,12
1892,F,56,10
1893,M,48,9
1894,M,56,9
1895,F,68,1
1896,F,30,5
1897,F,41,5
1898,M,62,13
1899,M,42,8
1900,M,43,10
1901,F,44,18
1902,M,29,5
1903,M,24,10
1904,M,43,5
1905,M,36,3
1906,M,27,11
1907,M,62,1
1908,F,42,14
1909,F,44,9
1910,M,65,7
1911,M,24,6
1912,M,64,20
1913,F,54,19
1914,M,54,8
1915,M,59,1
1916,F,21,16
1917,M,48,20
1918,F,61,12
1919,M,70,13
1920,F,46,5
1921,M,28,8
1922,M,42,1
1923,F,42,8
1924,M,64,7
1925,M,27,15
1926,F,60,11
1927,F,31,14
1928,F,65,2
1929,F,62,11
1930,F,55,19
1931,M,49,4
1932,F,45,2
1933,M,49,18
1934,F,63,2
1935,F,49,2
1936,M,34,15
1937,F,35,10
1938,F,26,14
1939,F,55,2
1940,M,45,15
1941,M,62,17
1942,M,27,19
1943,M,41,14
1944,F,44,1
1945,M,45,19
1946,M,45,3
1947,F,36,6
1948,M,21,4
1949,F,56,12
1950,M,49,13
1951,M,40,18
1952,F,18,6
1953,F,52,5
1954,M,25,6
1955,M,42,10
1956,F,62,15
1957,F,56,6
1958,M,24,7
1959,M,55,9
1960,M,45,16
1961,F,50,1
1962,F,31,7
1963,F,45,14
1964,F,21,20
1965,M,31,18
1966,F,55,18
1967,M,19,6
1968,M,19,12
1969,M,25,2
1970,F,37,3
1971,M,22,14
1972,M,26,10
1973,M,45,19
1974,F,18,3
1975,F,36,12
1976,F,68,3
1977,F,69,18
1978,M,34,16
1979,M,23,9
1980,F,49,14
1981,M,60,7
1982,M,22,19
1983,M,46,20
1984,F,43,20
1985,F,32,17
1986,F,24,20
1987,F,49,16
1988,F,67,6
1989,M,61,10
1990,M,16,4
1991,M,45,4
1992,M,67,20
1993,F,42,2
1994,F,38,18
1995,M,16,7
1996,F,32,3
1997,F,35,17
1998,F,65,1
1999,M,59,11
2000,F,41,19
2001,M,69,6
2002,M,37,11
2003,F,46,2
2004,M,46,5
2005,F,50,11
2006,F,66,14
2007,M,69,17
2008,F,52,11
2009,M,29,19
2010,F,67,12
2011,M,25,9
2012,M,37,13
2013,M,52,20
2014,F,27,20
2015,M,66,10
2016,F,61,2
2017,F,42,3
2018,F,31,12
2019,F,69,10
2020,M,49,10
2021,M,23,12
2022,M,65,7
2023,M,44,17
2024,M,67,16
2025,M,28,11
2026,F,62,17
2027,F,65,11
2028,M,65,4
2029,M,29,2
2030,F,40,17
2031,M,16,10
2032,M,59,20
2033,M,37,15
2034,M,22,17
2035,F,17,19
2036,F,56,7
2037,F,28,7
2038,F,33,18
2039,F,65,15
2040,M,33,5
2041,M,33,4
2042,M,55,18
2043,M,29,18
2044,F,51,11
2045,F,25,10
2046,M,26,3
2047,F,55,11
2048,F,19,5
2049,M,46,2
2050,M,40,2
2051,M,43,13
2052,M,61,20
2053,F,55,12
2054,F,37,7
2055,M,64,15
2056,M,21,15
2057,M,45,10
2058,F,46,8
2059,M,25,20
2060,F,39,13
2061,M,60,11
2062,F,45,16
2063,M,20,16
2064,M,38,16
2065,F,70,6
2066,F,65,12
2067,M,48,4
2068,F,68,4
2069,F,51,3
2070,F,50,15
2071,F,53,14
2072,M,55,8
2073,M,46,13
2074,M,37,7
2075,F,66,14
2076,F,50,8
2077,M,58,3
2078,F,23,19
2079,F,36,18
2080,M,68,15
2081,M,35,13
2082,M,54,4
2083,F,36,16
2084,M,21,7
2085,M,53,1
2086,M,58,5
2087,F,50,10
2088,F,55,19
2089,F,28,7
2090,F,35,19
2091,F,43,12
2092,M,53,1
2093,F,70,5
2094,F,19,12
2095,M,16,18
2096,F,23,10
2097,M,31,14
2098,F,56,11
2099,F,41,13
2100,F,50,7
2101,M,46,5
2102,M,51,13
2103,F,69,14
2104,M,34,5
2105,M,16,3
2106,M,25,16
2107,F,24,3
2108,M,57,14
2109,F,66,20
2110,F,55,6
2111,F,48,14
2112,F,40,12
2113,M,27,14
2114,M,52,16
2115,M,61,17
2116,F,42,18
2117,F,18,2
2118,F,61,12
2119,M,53,16
2120,M,25,17
2121,F,45,17
2122,M,49,20
2123,M,31,16
2124,M,59,18
2125,F,55,2
2126,F,50,1
2127,F,45,17
2128,F,52,11
2129,F,38,10
2130,F,26,2
2131,F,62,19
2132,F,19,16
2133,M,52,2
2134,F,67,20
2135,M,34,16
2136,M,24,17
2137,M,70,9
2138,F,24,20
2139,F,33,9
2140,M,63,4
2141,M,53,5
2142,F,39,6
2143,F,66,8
2144,F,27,17
2145,M,37,3
2146,M,54,5
2147,F,64,14
2148,F,31,15
2149,M,29,19
2150,F,19,9
2151,M,19,6
2152,F,41,16
2153,F,46,18
2154,M,40,13
2155,F,32,5
2156,F,16,10
2157,F,40,11
2158,M,22,18
2159,F,70,14
2160,F,37,9
2161,F,67,4
2162,F,57,19
2163,F,45,8
2164,M,49,11
2165,M,36,18
2166,M,59,1
2167,M,16,14
2168,M,49,4
2169,F,38,8
2170,F,32,7
2171,M,17,20
2172,M,19,20
2173,M,54,4
2174,M,21,20
2175,M,40,19
2176,M,23,6
2177,F,34,15
2178,M,56,15
2179,F,65,14
2180,F,32,6
2181,M,33,2
2182,F,40,11
2183,M,32,9
2184,M,44,3
2185,F,28,20
2186,F,27,16
2187,M,25,18
2188,F,29,20
2189,M,44,9
2190,M,18,3
2191,M,52,9
2192,F,17,16
2193,M,57,1
2194,M,58,13
2195,F,25,11
2196,F,52,1
2197,F,46,14
2198,F,70,3
2199,M,16,13
2200,F,23,19
2201,F,37,10
2202,F,19,3
2203,F,50,11
2204,M,69,15
2205,F,57,7
2206,M,51,2
2207,F,58,7
2208,F,60,13
2209,M,56,12
2210,F,21,15
2211,M,24,2
2212,M,17,19
2213,M,47,13
2214,M,66,18
2215,F,47,18
2216,F,17,2
2217,F,19,11
2218,M,41,4
2219,M,67,17
2220,F,59,18
2221,M,63,19
2222,M,20,2
2223,M,47,1
2224,F,55,2
2225,M,60,5
2226,M,27,2
2227,F,68,4
2228,F,55,6
2229,M,68,4
2230,M,47,20
2231,M,20,7
2232,F,37,13
2233,F,23,19
2234,M,36,7
2235,M,53,6
2236,F,20,4
2237,F,25,14
2238,M,60,12
2239,M,44,8
2240,M,24,4
2241,F,65,6
2242,M,47,3
2243,M,16,6
2244,M,61,19
2245,F,42,16
2246,M,29,5
2247,F,49,15
2248,F,31,6
2249,M,54,6
2250,F,55,3
2251,F,38,14
2252,M,51,8
2253,M,23,17
2254,M,55,12
2255,M,45,7
2256,F,19,7
2257,M,66,5
2258,F,47,6
2259,M,58,2
2260,M,57,12
2261,F,29,14
2262,F,37,20
2263,F,18,4
2264,M,50,6
2265,M,66,1
2266,F,48,4
2267,M,31,15
2268,F,42,7
2269,F,30,4
2270,F,30,4
2271,M,63,14
2272,M,40,8
2273,M,46,19
2274,F,19,14
2275,M,29,20
2276,F,27,13
2277,F,24,15
2278,M,56,12
2279,F,28,11
2280,M,18,19
2281,M,33,5
2282,M,70,15
2283,F,42,6
2284,F,30,10
2285,M,66,20
2286,M,52,18
2287,M,21,14
2288,F,29,19
2289,F,69,15
2290,F,16,14
2291,M,31,11
2292,F,53,8
2293,M,52,1
2294,F,18,2
2295,F,62,17
2296,M,43,17
2297,F,46,4
2298,F,47,8
2299,M,51,1
2300,F,29,5
2301,F,34,8
2302,M,17,16
2303,F,26,15
2304,M,45,15
2305,M,61,13
2306,M,66,12
2307,F,61,1
2308,M,40,11
2309,M,34,14
2310,F,60,20
2311,M,66,3
2312,F,63,2
2313,F,19,4
2314,F,39,15
2315,M,39,12
2316,M,57,18
2317,M,51,7
2318,M,37,8
2319,M,57,16
2320,M,64,8
2321,F,38,9
2322,F,33,2
2323,M,39,12
2324,F,47,17
2325,M,46,18
2326,F,44,20
2327,F,67,3
2328,M,45,3
2329,M,41,6
2330,F,20,4
2331,M,33,4
2332,M,47,5
2333,M,49,1
2334,F,42,18
2335,M,46,12
2336,F,44,1
2337,F,28,3
2338,M,67,8
2339,F,42,19
2340,F,57,11
2341,F,53,17
2342,F,45,10
2343,M,66,10
2344,M,66,9
2345,M,46,12
2346,F,65,2
2347,M,38,10
2348,F,26,20
2349,M,61,18
2350,F,27,6
2351,M,26,8
2352,M,18,11
2353,M,44,9
2354,F,27,7
2355,M,58,11
2356,F,25,12
2357,F,50,6
2358,F,23,1
2359,F,47,5
2360,F,36,5
2361,M,63,18
2362,F,57,10
2363,F,34,19
2364,M,67,19
2365,F,37,4
2366,F,18,5
2367,M,35,1
2368,F,55,8
2369,F,38,3
2370,F,19,20
2371,M,53,17
2372,M,66,9
2373,M,17,3
2374,F,59,3
2375,F,28,16
2376,F,54,20
2377,M,58,12
2378,F,25,14
2379,F,40,12
2380,M,34,12
2381,F,35,15
2382,M,29,15
2383,F,67,15
2384,F,26,14
2385,F,24,19
2386,M,25,7
2387,F,46,17
2388,F,20,19
2389,F,21,1
2390,F,56,9
2391,F,27,18
2392,F,61,19
2393,M,28,6
2394,F,34,18
2395,F,18,10
2396,F,47,18
2397,F,30,1
2398,M,25,9
2399,F,56,16
2400,M,57,10
2401,F,27,16
2402,M,17,4
2403,F,47,3
2404,F,53,16
2405,F,32,16
2406,M,39,17
2407,M,70,9
2408,M,53,2
2409,M,36,15
2410,M,38,6
2411,M,33,12
2412,F,56,12
2413,M,34,10
2414,M,48,7
2415,M,64,4
2416,M,50,11
2417,F,68,10
2418,F,59,12
2419,M,50,19
2420,F,68,5
2421,M,24,17
2422,F,39,16
2423,F,37,6
2424,M,29,5
2425,M,69,7
2426,M,42,15
2427,M,23,5
2428,M,46,12
2429,F,60,12
2430,M,68,15
2431,F,27,10
2432,M,63,4
2433,M,24,5
2434,M,35,5
2435,M,24,3
2436,F,60,4
2437,M,17,16
2438,F,18,7
2439,M,18,17
2440,M,46,4
2441,F,18,3
2442,F,58,1
2443,M,66,4
2444,M,53,7
2445,M,58,12
2446,M,21,5
2447,F,53,12
2448,F,26,17
2449,M,48,19
2450,M,22,19
2451,M,49,7
2452,M,34,6
2453,M,62,4
2454,M,48,16
2455,F,60,19
2456,M,44,4
2457,M,69,12
2458,F,43,7
2459,M,42,4
2460,F,23,15
2461,M,49,5
2462,F,64,12
2463,F,51,2
2464,M,36,16
2465,M,40,10
2466,F,54,10
2467,F,30,18
2468,F,34,14
2469,M,70,3
2470,F,59,12
2471,M,16,16
2472,M,41,15
2473,M,23,5
2474,F,41,19
2475,M,63,6
2476,M,39,7
2477,F,28,20
2478,F,23,8
2479,F,62,16
2480,F,64,19
2481,F,64,13
2482,F,46,20
2483,F,47,17
2484,F,25,15
2485,M,23,9
2486,F,47,8
2487,M,17,4
2488,M,69,3
2489,F,59,1
2490,M,40,20
2491,F,25,10
2492,M,64,3
2493,F,66,15
2494,M,34,16
2495,F,48,9
2496,F,67,18
2497,M,64,2
2498,F,23,13
2499,F,36,13
2500,F,45,2
2501,M,27,18
2502,F,61,6
2503,F,43,5
2504,F,61,13
2505,F,64,4
2506,F,58,18
2507,F,46,18
2508,M,48,2
2509,F,32,16
2510,F,55,12
2511,F,36,2
2512,M,53,2
2513,M,69,12
2514,F,67,19
2515,M,64,11
2516,F,22,14
2517,F,38,14
2518,F,19,8
2519,M,31,10
2520,M,60,3
2521,F,23,11
2522,M,17,18
2523,F,18,15
2524,F,52,17
2525,F,33,1
2526,F,53,1
2527,F,40,19
2528,F,36,19
2529,M,67,16
2530,M,60,7
2531,F,47,17
2532,F,26,20
2533,F,39,14
2534,M,47,3
2535,M,34,9
2536,M,35,19
2537,F,67,8
2538,M,61,19
2539,M,53,11
2540,F,20,19
2541,F,43,7
2542,F,66,3
2543,F,48,10
2544,F,58,18
2545,F,28,14
2546,F,32,20
2547,F,58,18
2548,M,17,17
2549,M,52,16
2550,M,58,15
2551,F,56,18
2552,F,52,2
2553,M,39,15
2554,M,31,5
2555,F,70,14
2556,F,36,3
2557,M,70,14
2558,F,68,10
2559,M,32,20
2560,M,41,8
2561,M,25,7
2562,M,31,10
2563,F,47,18
2564,F,43,2
2565,M,26,9
2566,M,17,9
2567,F,58,18
2568,M,57,2
2569,F,66,1
2570,M,21,11
2571,F,20,14
2572,F,58,3
2573,F,69,5
2574,M,23,19
2575,M,49,19
2576,F,47,3
2577,M,54,4
2578,F,37,19
2579,F,67,8
2580,F,29,5
2581,M,27,7
2582,F,44,14
2583,F,53,2
2584,F,50,12
2585,M,36,18
2586,F,46,8
2587,F,66,5
2588,F,46,12
2589,F,17,20
2590,M,69,2
2591,M,32,18
2592,F,35,12
2593,M,50,8
2594,F,40,1
2595,F,32,10
2596,M,68,8
2597,F,29,6
2598,F,56,11
2599,F,66,2
2600,F,21,16
2601,F,63,14
2602,F,61,14
2603,M,68,6
2604,F,48,3
2605,F,42,20
2606,F,45,1
2607,M,57,6
2608,F,66,5
2609,M,41,7
2610,F,36,19
2611,M,23,6
2612,M,49,5
2613,F,66,11
2614,F,46,5
2615,F,27,19
2616,F,67,10
2617,M,21,14
2618,F,27,13
2619,F,69,19
2620,M,17,1
2621,M,21,15
2622,M,32,6
2623,M,41,20
2624,F,54,9
2625,M,21,12
2626,M,52,4
2627,M,61,17
2628,F,65,15
2629,F,23,8
2630,M,28,9
2631,F,63,16
2632,F,24,14
2633,M,54,7
2634,F,62,7
2635,F,27,14
2636,M,17,10
2637,F,31,20
2638,F,31,12
2639,F,21,1
2640,F,24,11
2641,F,59,7
2642,F,61,14
2643,F,20,4
2644,M,19,11
2645,M,46,12
2646,M,16,9
2647,F,35,13
2648,F,24,18
2649,M,53,6
2650,F,26,17
2651,F,37,15
2652,M,21,11
2653,F,25,9
2654,M,36,2
2655,M,47,9
2656,F,43,10
2657,F,55,9
2658,F,43,6
2659,F,63,16
2660,M,51,15
2661,M,28,5
2662,M,30,6
2663,M,46,9
2664,M,61,15
2665,F,23,16
2666,M,44,12
2667,F,45,16
2668,M,70,5
2669,M,38,3
2670,M,34,6
2671,M,63,17
2672,F,52,19
2673,M,53,1
2674,M,42,3
2675,M,65,16
2676,M,37,1
2677,F,59,4
2678,F,39,19
2679,M,69,11
2680,M,17,3
2681,F,69,16
2682,F,56,9
2683,M,37,2
2684,F,36,19
2685,M,29,2
2686,F,36,2
2687,M,51,20
2688,F,21,13
2689,F,27,8
2690,F,21,1
2691,M,26,13
2692,F,34,5
2693,M,35,16
2694,F,63,10
2695,M,38,4
2696,F,48,7
2697,F,44,13
2698,F,33,19
2699,F,21,14
2700,F,55,6
2701,F,56,14
2702,M,18,17
2703,F,45,8
2704,M,47,17
2705,M,34,15
2706,F,21,16
2707,F,25,5
2708,F,69,8
2709,F,34,19
2710,M,51,3
2711,M,48,4
2712,F,42,4
2713,F,58,19
2714,F,38,9
2715,M,65,17
2716,M,23,15
2717,M,66,6
2718,F,18,3
2719,F,61,10
2720,F,53,15
2721,F,55,9
2722,F,67,6
2723,M,27,3
2724,F,59,4
2725,F,50,1
2726,M,41,4
2727,M,26,16
2728,F,60,13
2729,F,35,20
2730,F,60,13
2731,F,21,5
2732,M,16,7
2733,M,68,1
2734,M,70,1
2735,M,46,5
2736,M,43,18
2737,M,21,10
2738,F,25,16
2739,F,17,4
2740,M,25,15
2741,F,46,1
2742,F,53,8
2743,M,34,19
2744,F,19,11
2745,M,22,14
2746,F,70,16
2747,F,18,16
2748,F,47,17
2749,F,30,2
2750,M,43,19
2751,F,51,3
2752,F,57,14
2753,F,23,16
2754,F,44,14
2755,M,26,10
2756,M,46,12
2757,F,30,17
2758,M,53,11
2759,F,24,10
2760,F,42,12
2761,F,67,6
2762,M,34,3
2763,F,24,6
2764,M,26,20
2765,F,22,14
2766,F,35,8
2767,M,51,2
2768,M,38,9
2769,F,59,6
2770,M,68,17
2771,M,67,3
2772,F,43,4
2773,M,23,18
2774,M,47,9
2775,F,66,12
2776,M,65,18
2777,F,25,17
2778,M,61,2
2779,F,67,15
2780,M,22,20
2781,M,68,18
2782,M,48,4
2783,M,56,4
2784,M,39,6
2785,F,61,15
2786,F,62,4
2787,M,57,12
2788,F,68,5
2789,M,70,7
2790,F,42,1
2791,M,69,16
2792,F,34,17
2793,M,21,9
2794,F,61,14
2795,F,56,8
2796,M,64,17
2797,F,66,8
2798,M,67,14
2799,F,42,15
2800,F,17,15
2801,M,65,1
2802,M,21,11
2803,F,41,6
2804,F,19,13
2805,M,58,5
2806,M,56,17
2807,F,42,13
2808,F,62,11
2809,F,16,9
2810,M,60,13
2811,F,57,7
2812,F,60,12
2813,F,65,7
2814,F,21,2
2815,F,40,5
2816,F,29,3
2817,F,49,11
2818,M,17,1
2819,F,31,10
2820,F,48,4
2821,M,69,12
2822,F,56,17
2823,F,23,2
2824,M,44,10
2825,M,45,11
2826,M,67,19
2827,M,38,10
2828,F,58,19
2829,M,61,13
2830,M,22,11
2831,M,68,12
2832,F,22,5
2833,F,69,14
2834,M,21,2
2835,F,24,16
2836,M,44,3
2837,F,59,17
2838,F,53,18
2839,F,32,19
2840,F,56,14
2841,F,60,16
2842,F,68,6
2843,M,48,5
2844,F,61,15
2845,M,61,17
2846,M,60,7
2847,F,46,2
2848,M,51,12
2849,M,54,14
2850,M,23,12
2851,F,18,17
2852,M,23,12
2853,F,39,10
2854,F,47,1
2855,M,25,19
2856,F,19,10
2857,F,29,6
2858,F,16,4
2859,F,20,2
2860,F,46,19
2861,F,52,15
2862,F,66,13
2863,F,69,20
2864,M,64,5
2865,F,64,15
2866,F,25,11
2867,M,67,20
2868,F,40,8
2869,F,37,18
2870,M,58,15
2871,F,57,3
2872,M,61,1
2873,F,51,4
2874,M,28,20
2875,M,52,17
2876,M,64,16
2877,M,23,18
2878,M,17,9
2879,M,31,19
2880,F,21,18
2881,F,41,19
2882,M,47,1
2883,F,43,6
2884,F,17,17
2885,F,40,9
2886,M,23,4
2887,M,34,5
2888,M,32,3
2889,M,35,14
2890,M,19,20
2891,F,27,1
2892,M,35,13
2893,M,36,5
2894,F,36,9
2895,F,68,4
2896,M,28,8
2897,M,47,17
2898,F,23,9
2899,M,36,15
2900,F,20,16
2901,M,42,8
2902,M,33,18
2903,M,31,18
2904,M,35,19
2905,F,44,3
2906,M,66,5
2907,F,50,6
2908,M,50,14
2909,F,18,1
2910,F,69,20
2911,F,57,6
2912,M,19,16
2913,F,54,9
2914,F,38,7
2915,F,18,6
2916,M,35,3
2917,F,60,4
2918,M,62,18
2919,F,43,7
2920,F,59,11
2921,F,64,15
2922,F,31,11
2923,F,29,15
2924,F,17,5
2925,M,54,16
2926,M,16,6
2927,F,51,16
2928,F,50,3
2929,M,50,1
2930,F,59,4
2931,F,68,13
2932,F,40,6
2933,M,23,15
2934,F,28,15
2935,M,30,1
2936,F,59,12
2937,M,21,20
2938,F,67,8
2939,M,47,12
2940,M,33,16
2941,M,16,7
2942,F,23,9
2943,F,26,18
2944,M,58,19
2945,M,20,19
2946,M,63,3
2947,M,32,19
2948,M,49,9
2949,M,70,1
2950,F,59,18
2951,F,16,14
2952,M,70,11
2953,F,70,14
2954,F,23,17
2955,F,47,12
2956,M,62,8
2957,M,33,14
2958,F,36,1
2959,F,28,11
2960,M,52,1
2961,M,60,14
2962,M,31,7
2963,M,37,10
2964,M,56,4
2965,M,46,14
2966,M,53,11
2967,F,31,4
2968,F,31,11
2969,M,68,11
2970,M,20,20
2971,F,64,4
2972,F,53,4
2973,M,19,2
2974,F,36,3
2975,M,19,15
2976,M,35,20
2977,F,20,4
2978,M,51,2
2979,F,70,13
2980,F,22,20
2981,F,30,20
2982,M,45,13
2983,F,66,14
2984,M,37,1
2985,F,49,11
2986,M,22,4
2987,M,54,3
2988,M,52,5
2989,F,38,14
2990,F,62,20
2991,F,27,8
2992,M,67,2
2993,M,24,10
2994,F,48,12
2995,F,53,18
2996,M,25,16
2997,F,54,11
2998,F,39,1
2999,M,19,8
3000,M,43,12
3001,M,28,7
3002,M,37,7
3003,F,60,15
3004,F,70,19
3005,F,55,10
3006,F,37,6
3007,M,45,2
3008,F,30,1
3009,M,60,8
3010,F,55,7
3011,M,46,11
3012,F,29,13
3013,M,68,1
3014,F,16,3
3015,F,17,18
3016,M,25,10
3017,F,28,19
3018,F,18,1
3019,M,28,10
3020,M,30,9
3021,M,37,18
3022,M,27,7
3023,M,27,9
3024,M,17,5
3025,F,57,4
3026,F,29,10
3027,F,31,12
3028,F,58,6
3029,F,61,3
3030,M,25,5
3031,M,28,18
3032,F,60,12
3033,F,54,14
3034,M,18,20
3035,M,70,18
3036,F,66,5
3037,F,31,2
3038,F,24,17
3039,F,29,3
3040,F,66,20
3041,M,26,17
3042,F,64,17
3043,F,47,17
3044,F,27,11
3045,F,49,16
3046,F,46,9
3047,F,56,19
3048,M,29,8
3049,M,44,8
3050,F,29,10
3051,F,40,19
3052,M,69,12
3053,F,51,3
3054,M,64,3
3055,F,44,17
3056,F,30,19
3057,M,45,17
3058,F,43,15
3059,F,43,14
3060,F,67,16
3061,F,33,13
3062,M,27,15
3063,M,32,3
3064,F,21,10
3065,M,66,9
3066,M,22,4
3067,M,39,2
3068,M,37,7
3069,F,32,10
3070,F,28,20
3071,M,70,18
3072,F,16,10
3073,F,68,12
3074,F,41,19
3075,M,46,17
3076,M,41,8
3077,M,62,7
3078,F,30,17
3079,F,62,15
3080,F,66,3
3081,F,70,7
3082,F,65,14
3083,M,44,15
3084,M,39,5
3085,M,35,1
3086,F,67,12
3087,F,30,14
3088,F,59,13
3089,F,36,19
3090,M,52,2
3091,M,25,11
3092,F,40,7
3093,F,20,18
3094,F,28,16
3095,M,37,19
3096,F,56,10
3097,M,26,4
3098,M,18,20
3099,F,17,6
3100,M,20,13
3101,F,29,8
3102,F,58,17
3103,M,45,2
3104,F,49,1
3105,M,36,14
3106,F,26,4
3107,M,50,14
3108,F,63,3
3109,F,29,5
3110,M,35,14
3111,F,26,20
3112,F,53,7
3113,F,33,7
3114,M,25,15
3115,M,68,13
3116,M,49,11
3117,F,45,15
3118,M,63,3
3119,F,57,15
3120,F,60,10
3121,F,55,6
3122,F,31,6
3123,F,45,13
3124,M,60,19
3125,M,41,2
3126,M,26,9
3127,F,58,3
3128,M,47,14
3129,M,39,3
3130,M,48,11
3131,F,44,6
3132,F,29,17
3133,M,45,1
3134,M,56,15
3135,F,37,13
3136,M,41,2
3137,M,32,4
3138,M,36,15
3139,F,45,3
3140,M,51,8
3141,F,24,16
3142,F,69,6
3143,M,69,1
3144,M,27,10
3145,M,50,13
3146,M,20,1
3147,F,25,15
3148,F,27,7
3149,M,59,18
3150,M,44,2
3151,M,40,10
3152,F,19,20
3153,M,19,13
3154,M,31,12
3155,M,28,3
3156,M,42,1
3157,M,37,7
3158,M,30,4
3159,M,62,6
3160,M,42,17
3161,M,68,11
3162,F,51,7
3163,M,50,13
3164,F,23,8
3165,M,22,12
3166,F,27,1
3167,F,57,11
3168,M,40,7
3169,F,30,3
3170,F,57,20
3171,F,18,3
3172,M,42,10
3173,F,22,18
3174,M,32,4
3175,F,56,13
3176,M,37,6
3177,F,70,16
3178,M,37,1
3179,F,40,17
3180,M,48,19
3181,M,30,1
3182,M,35,8
3183,F,64,8
3184,M,19,5
3185,F,47,10
3186,M,25,13
3187,M,57,2
3188,M,62,20
3189,F,63,11
3190,M,33,11
3191,M,49,14
3192,F,64,1
3193,M,70,11
3194,F,31,7
3195,M,58,8
3196,M,54,13
3197,F,27,15
3198,M,20,16
3199,M,28,2
3200,M,29,5
3201,M,27,19
3202,M,31,17
3203,M,43,15
3204,F,26,7
3205,M,43,6
3206,M,35,10
3207,F,56,7
3208,F,66,16
3209,M,39,13
3210,F,26,16
3211,F,43,17
3212,F,64,5
3213,F,17,13
3214,F,70,3
3215,F,54,18
3216,M,51,6
3217,F,40,15
3218,F,45,10
3219,F,51,20
3220,F,20,11
3221,M,61,16
3222,M,25,7
3223,M,16,17
3224,F,47,13
3225,F,41,12
3226,F,47,10
3227,M,42,2
3228,M,40,19
3229,M,28,14
3230,F,65,12
3231,F,56,12
3232,M,57,13
3233,F,63,8
3234,M,46,2
3235,F,56,1
3236,M,32,20
3237,F,59,5
3238,F,31,20
3239,M,16,4
3240,M,57,13
3241,F,61,19
3242,M,49,7
3243,F,26,14
3244,F,60,10
3245,F,53,10
3246,F,64,3
3247,M,56,19
3248,F,68,5
3249,F,63,7
3250,F,60,10
3251,M,26,16
3252,M,22,3
3253,F,49,14
3254,F,62,14
3255,M,27,12
3256,M,61,5
3257,M,47,6
3258,M,44,19
3259,M,27,7
3260,M,63,6
3261,M,32,14
3262,F,56,20
3263,M,56,6
3264,M,34,3
3265,F,23,9
3266,M,37,1
3267,M,46,16
3268,M,16,2
3269,F,64,1
3270,M,22,7
3271,M,40,20
3272,F,47,16
3273,F,54,14
3274,F,39,11
3275,F,68,8
3276,F,58,13
3277,F,55,2
3278,F,37,4
3279,M,45,13
3280,M,17,20
3281,M,49,9
3282,M,39,15
3283,F,48,14
3284,M,16,11
3285,M,56,12
3286,M,67,11
3287,F,30,20
3288,F,41,20
3289,M,38,14
3290,F,58,4
3291,F,34,20
3292,M,61,5
3293,M,24,16
3294,M,35,18
3295,F,26,15
3296,M,46,18
3297,M,31,7
3298,M,64,3
3299,M,43,1
3300,M,36,13
3301,F,30,9
3302,F,58,4
3303,M,50,16
3304,M,66,11
3305,M,52,20
3306,M,57,11
3307,F,61,13
3308,F,67,8
3309,M,32,4
3310,F,21,4
3311,M,37,19
3312,M,63,4
3313,F,24,11
3314,F,52,1
3315,F,19,19
3316,M,70,13
3317,F,36,12
3318,M,49,20
3319,M,22,13
3320,M,50,15
3321,F,25,10
3322,M,47,15
3323,M,54,10
3324,M,63,2
3325,F,35,17
3326,M,33,19
3327,F,56,7
3328,F,34,13
3329,M,67,11
3330,M,68,7
3331,M,60,2
3332,M,70,16
3333,F,35,6
3334,M,51,13
3335,F,43,16
3336,F,64,13
3337,F,20,17
3338,F,34,7
3339,F,22,5
3340,F,64,19
3341,M,70,10
3342,F,57,6
3343,M,44,16
3344,F,25,7
3345,M,67,7
3346,M,39,19
3347,M,59,5
3348,F,43,6
3349,M,22,12
3350,F,27,2
3351,M,48,11
3352,F,25,13
3353,M,18,4
3354,M,41,16
3355,F,60,20
3356,M,57,13
3357,M,65,15
3358,F,33,15
3359,F,16,4
3360,M,21,4
3361,F,57,17
3362,M,17,19
3363,F,33,4
3364,M,40,16
3365,F,35,19
3366,M,22,11
3367,M,61,18
3368,M,41,1
3369,F,51,18
3370,F,20,17
3371,M,64,7
3372,M,27,20
3373,M,16,18
3374,F,67,11
3375,M,18,5
3376,M,57,6
3377,M,51,9
3378,M,21,4
3379,F,39,18
3380,M,43,1
3381,M,35,2
3382,F,58,18
3383,F,24,19
3384,F,60,11
3385,F,54,18
3386,M,60,4
3387,M,31,2
3388,M,25,10
3389,M,24,20
3390,M,53,12
3391,F,24,20
3392,F,20,18
3393,F,32,13
3394,M,41,15
3395,M,32,14
3396,M,50,7
3397,M,56,9
3398,M,61,12
3399,M,42,5
3400,F,66,14
3401,F,17,20
3402,M,20,9
3403,M,50,4
3404,F,20,11
3405,M,39,11
3406,F,25,8
3407,F,16,4
3408,F,30,13
3409,M,66,4
3410,M,49,10
3411,F,22,17
3412,F,60,19
3413,F,51,9
3414,M,19,6
3415,F,64,13
3416,M,38,18
3417,F,46,19
3418,M,32,1
3419,M,58,5
3420,M,40,19
3421,F,19,12
3422,M,59,20
3423,F,61,15
3424,M,44,12
3425,F,48,10
3426,F,43,17
3427,M,35,3
3428,F,42,11
3429,M,56,3
3430,M,62,8
3431,M,26,19
3432,M,21,10
3433,F,67,1
3434,F,59,17
3435,M,46,16
3436,M,41,1
3437,M,69,1
3438,F,60,18
3439,F,31,17
3440,M,54,15
3441,M,59,17
3442,M,27,3
3443,F,69,5
3444,F,19,14
3445,F,40,6
3446,F,23,11
3447,M,69,18
3448,M,34,10
3449,F,34,9
3450,M,16,19
3451,F,29,10
3452,M,45,20
3453,F,19,12
3454,M,55,15
3455,F,35,12
3456,M,16,12
3457,M,41,12
3458,M,22,14
3459,F,28,3
3460,M,42,4
3461,F,16,5
3462,F,30,16
3463,F,39,10
3464,F,43,6
3465,F,22,15
3466,F,26,5
3467,F,63,14
3468,M,38,7
3469,M,28,10
3470,M,24,13
3471,F,63,11
3472,M,26,7
3473,F,58,9
3474,M,42,16
3475,F,67,5
3476,F,64,13
3477,F,24,4
3478,M,66,1
3479,M,25,12
3480,M,65,8
3481,M,59,11
3482,F,54,1
3483,F,46,10
3484,F,47,3
3485,F,31,20
3486,M,62,17
3487,M,31,9
3488,M,32,8
3489,F,28,16
3490,M,60,17
3491,M,28,19
3492,M,30,4
3493,M,41,2
3494,F,28,5
3495,F,17,20
3496,M,21,2
3497,F,42,17
3498,F,60,8
3499,M,37,14
3500,F,19,17
3501,F,57,2
3502,F,23,9
3503,F,33,12
3504,F,31,11
3505,M,27,2
3506,M,19,11
3507,M,34,16
3508,F,54,4
3509,F,27,9
3510,F,39,11
3511,F,23,4
3512,M,59,18
3513,M,37,12
3514,F,63,19
3515,F,31,9
3516,M,53,13
3517,M,22,5
3518,M,18,19
3519,M,28,15
3520,M,20,18
3521,F,35,16
3522,M,50,5
3523,M,24,7
3524,F,51,9
3525,F,39,15
3526,M,43,3
3527,F,42,17
3528,M,26,20
3529,F,60,5
3530,F,18,19
3531,M,66,7
3532,F,47,18
3533,M,26,15
3534,F,51,13
3535,F,54,9
3536,M,27,1
3537,M,52,7
3538,M,66,17
3539,F,48,17
3540,F,35,8
3541,F,61,9
3542,M,26,8
3543,M,50,8
3544,F,18,5
3545,F,24,9
3546,M,57,8
3547,M,50,4
3548,M,57,12
3549,F,36,3
3550,F,62,5
3551,F,55,10
3552,F,19,1
3553,F,30,9
3554,M,32,1
3555,M,62,13
3556,F,56,20
3557,M,68,15
3558,M,36,9
3559,M,53,13
3560,M,44,8
3561,F,39,5
3562,F,21,16
3563,M,45,6
3564,M,28,19
3565,F,62,6
3566,F,17,10
3567,M,27,13
3568,M,20,5
3569,M,43,8
3570,F,57,13
3571,M,62,17
3572,M,62,1
3573,M,40,13
3574,M,23,1
3575,M,24,8
3576,M,33,5
3577,M,66,1
3578,M,50,11
3579,M,28,5
3580,F,64,19
3581,F,68,6
3582,F,37,16
3583,M,31,2
3584,F,56,18
3585,M,17,2
3586,M,50,10
3587,M,48,14
3588,M,16,8
3589,M,30,14
3590,F,25,12
3591,F,30,13
3592,M,47,6
3593,M,30,4
3594,F,38,3
3595,F,23,12
3596,M,18,20
3597,M,27,14
3598,F,54,6
3599,F,25,10
3600,F,38,4
3601,F,47,12
3602,F,67,3
3603,M,25,5
3604,F,25,13
3605,F,62,16
3606,M,23,19
3607,F,62,9
3608,M,21,11
3609,M,27,13
3610,F,36,16
3611,F,46,14
3612,F,24,8
3613,F,42,18
3614,F,50,18
3615,F,50,18
3616,M,40,3
3617,F,49,19
3618,M,60,3
3619,M,39,1
3620,M,70,1
3621,F,51,16
3622,M,23,2
3623,F,39,5
3624,F,45,5
3625,F,31,7
3626,M,19,5
3627,M,60,5
3628,F,62,1
3629,F,39,2
3630,M,58,19
3631,M,46,20
3632,M,17,5
3633,F,25,3
3634,M,20,1
3635,F,25,6
3636,F,63,5
3637,F,46,14
3638,F,44,1
3639,F,23,5
3640,M,57,2
3641,M,48,6
3642,M,41,14
3643,F,51,9
3644,F,61,8
3645,F,26,9
3646,M,49,13
3647,M,63,7
3648,F,55,2
3649,M,41,6
3650,M,68,15
3651,F,36,13
3652,F,26,2
3653,F,57,14
3654,M,33,4
3655,M,20,12
3656,F,17,8
3657,F,26,18
3658,M,20,7
3659,M,64,10
3660,M,51,7
3661,M,31,9
3662,M,52,19
3663,M,52,16
3664,M,19,11
3665,M,35,1
3666,F,64,10
3667,F,48,7
3668,F,64,13
3669,F,24,4
3670,F,42,17
3671,M,48,5
3672,M,53,13
3673,F,53,2
3674,F,26,5
3675,F,21,3
3676,M,29,5
3677,M,48,17
3678,F,44,5
3679,F,34,12
3680,F,18,13
3681,M,29,20
3682,M,25,19
3683,F,22,1
3684,M,65,10
3685,M,47,4
3686,F,36,6
3687,F,26,3
3688,F,52,12
3689,F,21,3
3690,M,61,15
3691,F,46,9
3692,F,57,5
3693,M,52,16
3694,M,39,10
3695,F,42,20
3696,M,44,12
3697,F,39,3
3698,F,48,15
3699,F,59,2
3700,M,63,8
3701,M,25,4
3702,F,40,6
3703,F,70,3
3704,M,40,15
3705,M,38,15
3706,F,57,18
3707,F,22,3
3708,M,62,4
3709,F,65,14
3710,M,41,11
3711,M,36,11
3712,F,29,16
3713,M,33,15
3714,M,50,5
3715,F,25,7
3716,F,52,2
3717,F,19,12
3718,F,46,7
3719,M,29,1
3720,F,33,9
3721,M,21,5
3722,M,33,13
3723,M,35,15
3724,F,49,7
3725,F,27,2
3726,M,43,11
3727,F,26,7
3728,F,42,16
3729,F,50,6
3730,F,38,19
3731,F,68,1
3732,M,20,19
3733,M,36,11
3734,M,25,15
3735,M,47,11
3736,M,66,14
3737,F,49,1
3738,F,69,5
3739,F,56,19
3740,M,18,7
3741,M,42,18
3742,M,54,13
3743,M,38,7
3744,M,59,19
3745,M,39,12
3746,M,35,10
3747,M,60,16
3748,F,42,14
3749,F,38,18
3750,F,49,11
3751,M,27,15
3752,F,39,6
3753,M,50,14
3754,F,34,14
3755,F,60,20
3756,M,21,4
3757,M,57,1
3758,F,22,16
3759,M,56,15
3760,M,58,10
3761,F,29,8
3762,F,51,13
3763,M,28,16
3764,M,38,15
3765,F,68,13
3766,M,39,8
3767,F,33,9
3768,F,69,14
3769,M,16,14
3770,M,16,1
3771,M,66,12
3772,F,37,6
3773,F,31,18
3774,F,28,20
3775,F,69,2
3776,F,24,13
3777,M,41,11
3778,M,43,8
3779,M,61,5
3780,M,56,19
3781,F,69,9
3782,M,36,7
3783,M,21,1
3784,F,16,19
3785,M,17,20
3786,M,52,13
3787,M,63,5
3788,F,56,12
3789,M,31,8
3790,F,28,18
3791,M,62,13
3792,F,58,2
3793,F,21,5
3794,M,56,19
3795,M,23,15
3796,M,22,5
3797,F,32,6
3798,M,20,16
3799,F,69,7
3800,F,22,16
3801,M,42,3
3802,F,56,3
3803,M,59,14
3804,F,36,15
3805,M,27,10
3806,M,27,19
3807,M,23,11
3808,F,46,20
3809,M,26,17
3810,F,23,7
3811,M,50,1
3812,M,29,12
3813,M,29,1
3814,F,24,8
3815,M,62,5
3816,F,33,16
3817,M,21,12
3818,F,45,16
3819,F,48,13
3820,M,32,6
3821,M,59,9
3822,F,22,19
3823,F,26,7
3824,F,43,15
3825,F,54,9
3826,F,55,4
3827,F,43,7
3828,F,39,3
3829,F,26,2
3830,F,53,14
3831,F,54,17
3832,F,41,1
3833,M,27,11
3834,F,66,6
3835,F,31,3
3836,M,58,12
3837,F,25,11
3838,M,16,11
3839,M,61,11
3840,M,45,19
3841,F,30,18
3842,M,40,10
3843,M,49,7
3844,M,51,9
3845,M,52,14
3846,F,36,11
3847,M,28,2
3848,F,47,2
3849,F,42,4
3850,M,44,6
3851,F,53,13
3852,M,52,1
3853,F,17,19
3854,M,45,10
3855,M,69,13
3856,M,50,17
3857,M,37,1
3858,M,46,4
3859,F,62,10
3860,F,36,12
3861,F,21,18
3862,F,47,20
3863,M,41,10
3864,F,47,4
3865,F,55,4
3866,M,30,2
3867,M,24,4
3868,F,60,14
3869,M,26,3
3870,M,62,12
3871,M,60,2
3872,F,66,2
3873,M,19,10
3874,M,32,11
3875,F,33,6
3876,M,53,15
3877,M,24,11
3878,M,64,19
3879,F,56,15
3880,M,49,17
3881,M,52,16
3882,F,33,11
3883,F,30,3
3884,F,65,10
3885,M,38,18
3886,M,58,7
3887,M,20,16
3888,M,29,1
3889,M,45,13
3890,M,47,4
3891,F,29,19
3892,F,64,10
3893,F,57,5
3894,M,24,8
3895,F,40,15
3896,M,65,13
3897,M,20,9
3898,F,26,10
3899,M,25,15
3900,M,63,4
3901,M,17,15
3902,M,33,1
3903,F,58,17
3904,F,38,9
3905,M,51,3
3906,F,43,7
3907,M,41,17
3908,F,48,11
3909,M,44,9
3910,F,22,2
3911,F,62,14
3912,M,34,7
3913,F,27,20
3914,F,49,20
3915,F,49,14
3916,M,59,2
3917,M,23,8
3918,M,19,2
3919,F,31,3
3920,M,33,8
3921,F,41,13
3922,M,30,9
3923,F,29,6
3924,M,38,10
3925,F,62,1
3926,M,27,17
3927,F,63,10
3928,M,26,11
3929,M,26,6
3930,F,45,5
3931,M,58,16
3932,F,37,1
3933,M,32,3
3934,M,59,1
3935,F,46,19
3936,M,47,8
3937,F,23,2
3938,M,52,10
3939,M,49,17
3940,M,64,5
3941,M,22,10
3942,F,44,16
3943,F,50,9
3944,F,32,12
3945,F,16,12
3946,F,61,11
3947,F,23,9
3948,M,25,14
3949,M,58,5
3950,F,47,1
3951,M,52,14
3952,F,29,3
3953,M,40,4
3954,F,56,18
3955,F,49,6
3956,F,59,12
3957,F,41,19
3958,F,33,10
3959,M,18,19
3960,F,69,20
3961,M,43,15
3962,F,34,4
3963,M,47,5
3964,F,59,5
3965,F,55,18
3966,M,35,16
3967,F,20,10
3968,M,45,2
3969,M,34,19
3970,M,19,16
3971,F,16,14
3972,F,58,1
3973,M,32,5
3974,F,34,17
3975,M,21,9
3976,M,62,7
3977,F,53,3
3978,F,30,2
3979,F,38,8
3980,F,43,13
3981,M,32,10
3982,F,27,19
3983,F,59,11
3984,M,59,7
3985,F,24,14
3986,M,35,10
3987,M,35,19
3988,F,50,6
3989,F,66,14
3990,M,24,17
3991,F,60,11
3992,F,45,12
3993,F,45,14
3994,F,45,1
3995,M,65,14
3996,M,64,5
3997,F,66,8
3998,F,24,20
3999,F,19,13
4000,M,41,1
4001,F,67,17
4002,F,69,2
4003,M,19,9
4004,M,37,20
4005,M,68,10
4006,F,60,11
4007,M,23,19
4008,M,60,7
4009,M,51,16
4010,M,30,5
4011,F,56,10
4012,M,67,16
4013,M,23,3
4014,M,25,20
4015,M,49,4
4016,M,29,4
4017,F,17,17
4018,F,41,2
4019,M,35,13
4020,F,27,8
4021,F,68,20
4022,F,70,20
4023,M,43,5
4024,M,27,5
4025,M,26,17
4026,M,46,16
4027,F,34,4
4028,F,39,9
4029,F,40,4
4030,F,42,14
4031,M,17,10
4032,F,23,19
4033,F,16,19
4034,F,18,20
4035,F,18,12
4036,M,45,15
4037,F,16,6
4038,F,48,17
4039,M,38,17
4040,F,48,3
4041,M,57,5
4042,F,57,19
4043,F,45,5
4044,F,66,10
4045,F,20,16
4046,F,46,20
4047,M,52,17
4048,F,24,11
4049,F,53,20
4050,F,20,2
4051,M,70,6
4052,M,22,4
4053,F,59,16
4054,F,64,8
4055,M,22,6
4056,F,64,14
4057,M,19,20
4058,F,23,2
4059,M,44,12
4060,M,27,11
4061,M,60,15
4062,F,24,19
4063,M,28,9
4064,F,44,10
4065,M,28,6
4066,F,68,17
4067,M,21,19
4068,M,56,4
4069,M,18,5
4070,M,39,14
4071,M,37,6
4072,F,28,7
4073,F,48,12
4074,F,55,18
4075,M,67,3
4076,F,43,13
4077,M,52,3
4078,M,66,17
4079,F,22,4
4080,F,30,2
4081,F,17,8
4082,F,69,9
4083,F,61,12
4084,M,26,10
4085,M,50,19
4086,M,70,17
4087,F,41,20
4088,M,50,4
4089,F,32,1
4090,M,37,14
4091,F,28,11
4092,M,24,7
4093,F,64,2
4094,M,47,3
4095,M,38,3
4096,F,54,20
4097,M,51,16
4098,M,33,2
4099,M,18,16
4100,M,57,12
4101,F,46,10
4102,M,17,2
4103,M,65,7
4104,F,59,1
4105,F,19,13
4106,F,60,5
4107,F,60,14
4108,M,23,15
4109,M,55,12
4110,F,28,11
4111,F,19,8
4112,M,21,19
4113,M,30,14
4114,M,67,1
4115,M,68,2
4116,M,19,5
4117,F,27,10
4118,M,36,12
4119,M,34,5
4120,F,46,4
4121,M,20,9
4122,M,47,12
4123,M,44,10
4124,F,65,18
4125,F,57,8
4126,F,36,18
4127,M,19,12
4128,F,61,20
4129,F,33,3
4130,M,24,17
4131,M,35,18
4132,M,23,12
4133,M,18,8
4134,F,57,15
4135,M,17,16
4136,M,33,9
4137,F,35,3
4138,M,33,20
4139,F,47,1
4140,F,40,15
4141,M,30,7
4142,F,27,14
4143,M,58,10
4144,M,50,12
4145,M,54,11
4146,F,67,19
4147,M,64,1
4148,F,62,20
4149,F,43,2
4150,M,51,13
4151,F,70,18
4152,F,43,19
4153,F,26,13
4154,F,63,8
4155,M,16,9
4156,F,21,8
4157,F,37,19
4158,F,18,20
4159,F,39,9
4160,F,66,20
4161,M,23,10
4162,F,69,9
4163,M,44,15
4164,M,44,1
4165,F,18,12
4166,F,56,18
4167,M,42,2
4168,M,33,20
4169,F,20,15
4170,M,32,9
4171,F,47,5
4172,M,56,6
4173,M,55,2
4174,M,23,2
4175,M,59,17
4176,F,53,11
4177,M,51,8
4178,M,61,9
4179,F,17,12
4180,M,54,8
4181,F,22,3
4182,F,23,17
4183,M,31,7
4184,F,52,12
4185,F,20,14
4186,F,25,1
4187,F,54,12
4188,F,42,12
4189,F,34,20
4190,M,26,12
4191,M,34,5
4192,M,22,20
4193,M,67,11
4194,F,29,13
4195,M,58,5
4196,F,64,3
4197,M,30,19
4198,F,50,4
4199,M,54,16
4200,F,36,9
4201,M,69,19
4202,F,31,11
4203,M,67,12
4204,M,45,11
4205,M,60,8
4206,F,62,14
4207,F,21,12
4208,M,39,16
4209,M,44,14
4210,M,52,5
4211,M,65,14
4212,M,54,9
4213,F,37,11
4214,M,21,14
4215,F,48,5
4216,F,56,7
4217,M,45,1
4218,M,23,14
4219,F,64,18
4220,F,63,4
4221,M,18,14
4222,M,60,6
4223,M,24,17
4224,F,43,12
4225,M,41,18
4226,M,61,10
4227,M,37,11
4228,M,62,2
4229,M,63,12
4230,F,42,15
4231,F,34,16
4232,M,62,6
4233,M,25,1
4234,F,59,15
4235,F,36,15
4236,M,48,19
4237,F,65,4
4238,M,35,16
4239,F,19,19
4240,F,34,11
4241,F,36,6
4242,M,18,7
4243,F,49,9
4244,F,22,12
4245,F,26,4
4246,F,33,16
4247,F,30,6
4248,F,32,20
4249,M,30,9
4250,M,22,7
4251,M,17,20
4252,M,50,18
4253,M,16,16
4254,M,39,7
4255,F,52,14
4256,F,49,5
4257,F,34,4
4258,M,44,14
4259,F,32,3
4260,M,33,4
4261,F,67,3
4262,M,62,3
4263,F,26,17
4264,F,33,15
4265,M,61,11
4266,M,43,4
4267,F,28,18
4268,M,56,1
4269,M,24,19
4270,F,30,7
4271,F,46,5
4272,F,68,6
4273,F,34,5
4274,M,56,3
4275,M,16,14
4276,M,47,18
4277,M,61,6
4278,M,42,9
4279,F,56,19
4280,M,56,12
4281,F,49,6
4282,F,69,8
4283,F,58,16
4284,F,66,13
4285,F,50,16
4286,F,22,8
4287,M,64,10
4288,F,44,11
4289,M,58,14
4290,M,27,15
4291,F,58,4
4292,F,60,13
4293,M,65,16
4294,F,54,14
4295,M,17,10
4296,F,48,7
4297,F,19,18
4298,F,32,11
4299,F,41,15
4300,F,41,9
4301,M,33,16
4302,M,37,2
4303,F,44,14
4304,M,52,6
4305,M,65,4
4306,F,24,20
4307,M,62,1
4308,F,21,11
4309,F,65,18
4310,M,57,2
4311,M,39,18
4312,M,26,18
4313,F,61,8
4314,F,67,6
4315,F,37,14
4316,M,51,8
4317,M,18,1
4318,M,48,13
4319,F,18,6
4320,F,35,1
4321,M,56,8
4322,M,33,4
4323,F,57,13
4324,M,68,9
4325,M,20,3
4326,F,17,1
4327,M,22,19
4328,F,28,20
4329,F,66,11
4330,F,48,1
4331,F,33,15
4332,M,22,9
4333,F,40,10
4334,F,21,8
4335,F,51,9
4336,F,34,18
4337,M,40,1
4338,F,62,13
4339,F,64,18
4340,M,44,8
4341,M,41,8
4342,F,39,16
4343,M,57,10
4344,F,25,3
4345,M,51,6
4346,M,47,19
4347,M,21,5
4348,F,55,16
4349,M,19,16
4350,F,42,10
4351,F,69,5
4352,M,36,19
4353,F,16,9
4354,M,64,18
4355,F,50,16
4356,F,57,8
4357,F,45,16
4358,M,22,14
4359,M,40,5
4360,M,26,17
4361,M,26,7
4362,F,23,2
4363,F,47,6
4364,F,24,18
4365,F,41,1
4366,F,23,14
4367,F,62,9
4368,F,55,12
4369,M,25,10
4370,M,67,20
4371,F,49,20
4372,F,46,15
4373,M,37,5
4374,M,49,16
4375,M,36,14
4376,M,25,16
4377,M,16,10
4378,M,28,4
4379,F,37,4
4380,M,55,15
4381,M,20,12
4382,M,38,1
4383,M,33,10
4384,F,53,10
4385,F,55,13
4386,F,51,18
4387,M,20,19
4388,M,22,7
4389,F,27,9
4390,M,24,17
4391,F,37,19
4392,F,67,20
4393,F,29,6
4394,M,66,8
4395,M,21,20
4396,M,25,6
4397,F,16,11
4398,M,19,5
4399,F,43,16
4400,F,35,17
4401,M,31,18
4402,F,40,13
4403,F,38,10
4404,F,49,3
4405,M,26,9
4406,M,69,14
4407,F,47,9
4408,M,51,14
4409,F,27,1
4410,F,70,15
4411,F,62,14
4412,M,55,18
4413,M,40,12
4414,M,63,1
4415,M,44,12
4416,M,16,19
4417,F,37,4
4418,F,32,17
4419,M,54,9
4420,M,57,9
4421,F,41,2
4422,F,33,2
4423,M,61,16
4424,F,47,6
4425,F,63,18
4426,M,18,12
4427,M,55,5
4428,M,70,5
4429,M,42,4
4430,M,44,2
4431,F,22,18
4432,F,70,7
4433,M,37,11
4434,M,53,12
4435,M,58,13
4436,F,69,2
4437,M,28,17
4438,M,62,9
4439,M,27,15
4440,M,33,20
4441,M,60,17
4442,F,27,1
4443,F,33,18
4444,F,23,11
4445,F,52,3
4446,F,21,4
4447,M,27,3
4448,M,36,19
4449,M,65,6
4450,M,29,12
4451,F,21,8
4452,F,69,7
4453,M,35,2
4454,F,61,10
4455,M,33,5
4456,F,42,8
4457,M,33,7
4458,M,34,9
4459,F,32,3
4460,F,38,19
4461,F,38,17
4462,F,69,6
4463,M,69,19
4464,F,25,18
4465,M,60,14
4466,F,57,10
4467,M,37,17
4468,F,21,17
4469,M,32,7
4470,F,32,2
4471,M,49,6
4472,F,24,15
4473,F,39,19
4474,F,58,19
4475,M,36,4
4476,F,16,6
4477,F,46,11
4478,F,57,4
4479,M,38,10
4480,M,45,18
4481,M,64,1
4482,F,67,20
4483,F,53,19
4484,F,62,13
4485,F,69,8
4486,F,62,12
4487,F,46,13
4488,F,18,8
4489,M,42,14
4490,F,52,13
4491,M,26,17
4492,M,35,20
4493,M,52,5
4494,M,58,11
4495,M,21,10
4496,M,67,12
4497,F,41,6
4498,F,16,5
4499,M,27,10
4500,F,21,6
4501,M,70,7
4502,F,21,8
4503,M,59,18
4504,F,16,16
4505,M,38,4
4506,F,51,13
4507,M,46,13
4508,F,61,8
4509,M,40,5
4510,F,64,5
4511,F,65,11
4512,F,68,14
4513,F,50,3
4514,F,47,19
4515,M,30,20
4516,M,65,8
4517,F,39,11
4518,M,55,20
4519,F,20,8
4520,M,47,7
4521,M,29,10
4522,F,21,11
4523,F,57,6
4524,F,25,10
4525,F,40,16
4526,M,32,14
4527,M,26,13
4528,M,45,3
4529,F,59,4
4530,F,67,1
4531,M,36,5
4532,F,59,15
4533,M,47,13
4534,F,65,2
4535,F,43,9
4536,M,54,15
4537,F,65,16
4538,F,70,18
4539,F,23,6
4540,F,50,13
4541,M,25,1
4542,F,61,19
4543,F,28,17
4544,F,43,2
4545,F,34,2
4546,M,47,15
4547,F,19,20
4548,F,32,14
4549,F,59,10
4550,M,50,9
4551,M,34,12
4552,F,17,15
4553,F,35,2
4554,M,38,2
4555,F,31,6
4556,M,50,4
4557,M,62,5
4558,F,43,9
4559,F,45,20
4560,M,68,17
4561,F,18,3
4562,F,39,2
4563,M,54,4
4564,F,48,3
4565,F,56,10
4566,F,41,1
4567,M,63,9
4568,M,69,14
4569,M,66,7
4570,F,35,20
4571,M,60,2
4572,F,52,16
4573,M,64,14
4574,F,63,6
4575,F,48,2
4576,F,27,10
4577,F,16,14
4578,M,17,14
4579,M,33,9
4580,F,54,11
4581,M,30,8
4582,M,61,11
4583,M,20,20
4584,F,62,20
4585,F,53,14
4586,F,50,13
4587,F,51,1
4588,F,37,11
4589,F,68,15
4590,M,45,16
4591,M,50,6
4592,F,32,13
4593,M,58,19
4594,M,56,16
4595,F,21,7
4596,F,35,10
4597,F,44,15
4598,M,25,20
4599,M,55,12
4600,F,42,1
4601,F,51,16
4602,M,40,18
4603,M,40,20
4604,M,22,13
4605,M,29,4
4606,F,27,6
4607,F,51,14
4608,F,64,7
4609,F,54,9
4610,F,65,12
4611,M,58,11
4612,F,30,13
4613,F,64,15
4614,F,68,15
4615,M,27,13
4616,F,16,18
4617,F,64,15
4618,M,59,4
4619,F,53,14
4620,F,42,7
4621,M,55,8
4622,M,55,20
4623,M,54,19
4624,F,17,11
4625,M,26,19
4626,F,59,3
4627,F,17,20
4628,F,51,17
4629,M,70,6
4630,F,39,8
4631,M,46,7
4632,F,24,10
4633,M,17,7
4634,F,45,8
4635,F,31,6
4636,F,48,4
4637,F,26,8
4638,F,62,3
4639,M,63,2
4640,F,49,16
4641,F,20,14
4642,F,61,18
4643,M,61,20
4644,M,44,16
4645,M,34,13
4646,M,39,13
4647,F,43,4
4648,M,25,9
4649,M,62,6
4650,F,42,11
4651,M,31,16
4652,M,32,4
4653,F,57,3
4654,F,61,16
4655,M,64,9
4656,F,34,15
4657,F,66,15
4658,F,52,9
4659,M,64,5
4660,M,49,10
4661,M,30,12
4662,F,61,10
4663,F,61,6
4664,F,46,15
4665,F,25,5
4666,M,54,10
4667,F,32,8
4668,M,70,7
4669,F,25,19
4670,M,32,12
4671,F,46,20
4672,M,38,5
4673,F,49,12
4674,F,47,6
4675,F,27,16
4676,F,16,3
4677,F,30,10
4678,M,30,5
4679,F,54,4
4680,M,38,16
4681,F,52,1
4682,M,63,7
4683,F,58,2
4684,F,56,4
4685,F,48,3
4686,F,51,18
4687,M,67,2
4688,F,52,17
4689,M,31,9
4690,M,60,8
4691,M,60,15
4692,M,18,20
4693,F,51,9
4694,M,63,7
4695,M,24,17
4696,F,19,7
4697,M,31,19
4698,F,45,4
4699,M,36,3
4700,M,46,4
4701,F,21,16
4702,M,22,18
4703,M,54,16
4704,F,52,1
4705,F,23,15
4706,M,53,20
4707,F,16,9
4708,F,54,9
4709,F,56,6
4710,F,48,16
4711,F,57,10
4712,F,50,8
4713,F,33,18
4714,F,56,15
4715,M,64,6
4716,F,16,11
4717,F,47,6
4718,M,20,14
4719,F,22,15
4720,F,56,18
4721,M,28,4
4722,M,29,10
4723,F,36,17
4724,F,22,10
4725,M,52,5
4726,F,26,7
4727,F,66,6
4728,M,55,6
4729,F,49,16
4730,F,65,9
4731,M,32,16
4732,F,39,5
4733,F,37,12
4734,F,44,10
4735,F,52,13
4736,F,16,13
4737,M,42,12
4738,M,45,9
4739,M,68,7
4740,M,58,9
4741,F,69,12
4742,M,36,14
4743,F,36,18
4744,M,67,7
4745,F,70,9
4746,M,20,8
4747,M,36,16
4748,F,18,13
4749,F,31,9
4750,F,19,4
4751,M,56,11
4752,F,50,12
4753,F,34,4
4754,F,24,3
4755,F,65,14
4756,M,25,19
4757,F,52,7
4758,M,44,8
4759,F,52,18
4760,F,51,17
4761,F,60,1
4762,M,65,3
4763,F,70,12
4764,F,63,7
4765,M,36,15
4766,M,45,12
4767,F,28,9
4768,F,54,1
4769,M,23,14
4770,F,41,16
4771,M,69,17
4772,M,48,12
4773,M,52,14
4774,M,48,11
4775,F,34,19
4776,F,56,3
4777,M,52,3
4778,M,50,6
4779,M,52,15
4780,M,64,3
4781,F,68,9
4782,F,44,5
4783,F,20,6
4784,F,45,17
4785,F,17,13
4786,F,16,20
4787,F,17,1
4788,M,36,14
4789,M,32,8
4790,F,50,15
4791,M,65,19
4792,F,61,19
4793,M,28,5
4794,M,35,6
4795,M,17,18
4796,M,65,5
4797,F,20,11
4798,F,30,7
4799,M,35,6
4800,F,33,8
4801,M,65,12
4802,M,24,15
4803,M,69,13
4804,M,44,7
4805,F,19,15
4806,F,41,7
4807,M,65,13
4808,M,21,6
4809,M,26,7
4810,M,47,20
4811,F,63,11
4812,F,28,7
4813,M,67,17
4814,F,46,9
4815,M,45,1
4816,M,40,14
4817,F,70,4
4818,F,39,10
4819,M,43,10
4820,M,60,3
4821,F,46,1
4822,F,62,11
4823,M,25,8
4824,M,52,1
4825,M,49,5
4826,M,60,16
4827,M,19,20
4828,M,63,10
4829,F,55,14
4830,M,42,6
4831,M,49,5
4832,M,39,4
4833,M,17,16
4834,M,35,13
4835,F,69,9
4836,F,17,1
4837,F,17,16
4838,M,63,5
4839,F,18,18
4840,F,64,20
4841,M,26,4
4842,M,38,8
4843,M,42,3
4844,M,46,15
4845,F,70,18
4846,F,24,20
4847,M,35,16
4848,F,32,5
4849,F,58,18
4850,F,55,4
4851,F,47,19
4852,M,24,8
4853,M,67,5
4854,M,58,3
4855,M,61,13
4856,F,55,4
4857,M,30,9
4858,M,62,10
4859,F,61,15
4860,F,64,5
4861,F,43,12
4862,M,53,2
4863,F,56,2
4864,M,27,1
4865,M,56,2
4866,M,26,13
4867,F,16,19
4868,F,46,12
4869,M,56,19
4870,F,44,7
4871,F,55,9
4872,F,23,9
4873,F,37,6
4874,F,37,16
4875,F,58,4
4876,F,64,17
4877,F,20,12
4878,F,57,1
4879,M,22,8
4880,F,69,4
4881,M,51,10
4882,M,38,10
4883,F,43,18
4884,M,48,6
4885,F,68,17
4886,M,25,8
4887,M,28,12
4888,M,52,17
4889,M,67,18
4890,F,50,8
4891,M,39,6
4892,M,59,6
4893,M,69,5
4894,F,70,7
4895,F,19,13
4896,F,40,17
4897,F,46,15
4898,F,24,10
4899,M,20,9
4900,F,29,20
4901,M,19,14
4902,M,25,16
4903,M,64,8
4904,F,66,6
4905,F,41,19
4906,M,31,12
4907,M,30,9
4908,M,41,4
4909,M,29,15
4910,M,59,9
4911,F,16,4
4912,F,49,4
4913,F,30,15
4914,F,68,4
4915,F,25,3
4916,F,33,2
4917,F,69,9
4918,M,56,15
4919,F,53,6
4920,F,64,10
4921,M,49,4
4922,M,62,20
4923,F,31,16
4924,F,42,2
4925,M,65,9
4926,F,32,17
4927,F,42,9
4928,F,21,1
4929,M,61,16
4930,M,53,16
4931,M,53,14
4932,F,22,16
4933,F,54,17
4934,F,18,20
4935,M,53,4
4936,M,23,8
4937,F,53,20
4938,F,68,13
4939,M,38,15
4940,F,52,17
4941,M,41,14
4942,M,29,19
4943,M,17,11
4944,M,34,14
4945,M,62,15
4946,F,38,12
4947,F,31,9
4948,F,66,2
4949,F,45,9
4950,M,29,18
4951,F,63,13
4952,F,65,6
4953,F,70,3
4954,F,38,20
4955,M,36,10
4956,M,62,3
4957,F,36,20
4958,F,56,6
4959,F,28,9
4960,F,38,11
4961,F,39,6
4962,M,36,1
4963,M,28,19
4964,F,48,18
4965,F,64,18
4966,M,41,20
4967,M,28,3
4968,M,61,20
4969,F,70,9
4970,M,61,11
4971,F,41,5
4972,F,22,10
4973,M,36,8
4974,F,68,2
4975,M,51,5
4976,F,17,16
4977,M,69,8
4978,M,30,15
4979,M,25,1
4980,F,31,1
4981,F,69,15
4982,F,51,18
4983,M,42,6
4984,F,56,19
4985,F,63,9
4986,F,67,9
4987,F,39,12
4988,M,36,18
4989,F,20,5
4990,F,68,8
4991,M,22,17
4992,F,50,11
4993,M,67,20
4994,M,62,12
4995,M,45,9
4996,M,45,20
4997,F,47,19
4998,F,20,6
4999,M,51,15
5000,M,38,16
5001,M,20,12
5002,M,62,9
5003,F,62,1
5004,F,43,5
5005,F,29,15
5006,F,50,10
5007,F,30,19
5008,F,25,18
5009,F,16,20
5010,M,61,12
5011,M,65,3
5012,M,49,14
5013,M,62,7
5014,M,54,6
5015,M,17,16
5016,M,37,3
5017,M,41,19
5018,F,67,14
5019,F,60,16
5020,M,70,11
5021,M,22,10
5022,F,27,14
5023,F,47,3
5024,M,32,13
5025,M,30,12
5026,M,37,15
5027,M,49,9
5028,M,54,2
5029,M,59,12
5030,M,26,1
5031,M,16,11
5032,F,35,1
5033,F,70,3
5034,M,28,20
5035,F,27,18
5036,M,38,4
5037,M,54,12
5038,M,44,6
5039,M,68,15
5040,M,55,2
5041,M,67,10
5042,F,22,12
5043,M,53,17
5044,M,22,16
5045,M,54,5
5046,F,45,18
5047,F,66,15
5048,M,58,18
5049,M,37,8
5050,F,25,8
5051,F,28,13
5052,M,38,2
5053,F,67,19
5054,M,70,17
5055,M,58,11
5056,F,64,18
5057,M,34,11
5058,M,44,7
5059,F,56,14
5060,F,43,13
5061,M,47,1
5062,F,22,11
5063,F,55,13
5064,F,47,10
5065,M,49,2
5066,M,21,10
5067,M,57,11
5068,M,50,1
5069,M,35,13
5070,M,38,18
5071,M,68,14
5072,M,48,12
5073,M,29,4
5074,F,27,8
5075,F,20,7
5076,F,29,19
5077,M,18,13
5078,M,60,4
5079,F,16,8
5080,F,27,13
5081,M,39,13
5082,M,25,5
5083,M,55,9
5084,F,59,19
5085,F,29,9
5086,F,60,1
5087,F,68,14
5088,F,33,7
5089,F,32,20
5090,M,56,13
5091,M,60,15
5092,M,58,8
5093,M,56,4
5094,M,26,16
5095,M,27,18
5096,F,26,9
5097,F,34,18
5098,F,34,19
5099,F,22,4
5100,F,68,7
5101,M,51,16
5102,M,24,17
5103,M,46,16
5104,M,23,8
5105,M,69,13
5106,M,21,3
5107,M,43,20
5108,F,44,5
5109,F,54,2
5110,M,65,7
5111,F,18,19
5112,M,25,11
5113,F,27,12
5114,F,28,2
5115,F,40,5
5116,F,48,3
5117,M,27,7
5118,F,58,15
5119,M,44,3
5120,M,54,17
5121,F,51,6
5122,M,51,11
5123,M,23,3
5124,F,49,18
5125,M,55,6
5126,F,39,2
5127,M,22,8
5128,M,40,1
5129,M,68,13
5130,M,70,8
5131,M,52,18
5132,M,17,16
5133,F,34,20
5134,F,44,8
5135,F,55,9
5136,F,56,15
5137,F,25,15
5138,F,30,5
5139,F,56,6
5140,F,32,6
5141,F,63,1
5142,F,67,10
5143,M,18,15
5144,F,61,18
5145,M,41,5
5146,F,29,13
5147,F,42,15
5148,F,44,13
5149,F,39,11
5150,F,58,13
5151,M,62,17
5152,M,31,7
5153,M,52,7
5154,F,45,18
5155,F,39,10
5156,M,41,5
5157,F,22,18
5158,F,35,20
5159,F,19,7
5160,M,37,18
5161,M,58,13
5162,F,27,15
5163,M,60,7
5164,F,52,6
5165,F,63,19
5166,M,57,13
5167,M,25,14
5168,F,45,8
5169,M,64,16
5170,F,55,20
5171,M,59,4
5172,M,21,1
5173,M,19,11
5174,M,36,12
5175,M,63,5
5176,M,35,3
5177,F,55,11
5178,F,46,11
5179,M,34,10
5180,M,67,18
5181,M,25,6
5182,F,23,18
5183,F,26,18
5184,F,60,9
5185,M,23,5
5186,F,22,2
5187,M,40,16
5188,F,46,6
5189,M,53,12
5190,F,53,19
5191,M,44,1
5192,F,58,19
5193,F,37,3
5194,F,20,6
5195,M,55,10
5196,F,25,4
5197,M,56,11
5198,F,61,3
5199,F,54,16
5200,M,55,19
5201,F,26,12
5202,F,28,17
5203,F,49,1
5204,F,36,6
5205,M,57,8
5206,F,32,15
5207,F,37,2
5208,F,63,15
5209,M,37,18
5210,M,24,20
5211,M,63,19
5212,M,35,13
5213,M,46,13
5214,F,18,9
5215,F,37,12
5216,F,42,11
5217,M,38,9
5218,M,47,10
5219,F,21,15
5220,M,67,11
5221,M,17,5
5222,M,31,3
5223,M,39,3
5224,M,52,8
5225,M,20,1
5226,M,63,11
5227,M,25,19
5228,F,56,11
5229,M,55,4
5230,M,61,5
5231,M,63,3
5232,M,21,3
5233,M,43,8
5234,M,19,3
5235,F,36,17
5236,M,46,7
5237,F,54,6
5238,F,34,19
5239,M,44,6
5240,M,21,6
5241,M,32,5
5242,M,60,4
5243,M,28,6
5244,F,64,8
5245,M,41,19
5246,F,54,14
5247,F,29,14
5248,F,68,12
5249,M,49,1
5250,F,34,6
5251,M,19,3
5252,F,38,2
5253,F,21,15
5254,M,63,3
5255,F,53,12
5256,M,52,9
5257,F,44,12
5258,F,39,16
5259,F,64,16
5260,F,50,7
5261,M,53,6
5262,M,60,12
5263,F,45,15
5264,F,66,13
5265,F,45,15
5266,M,25,13
5267,F,17,5
5268,F,40,5
5269,F,39,1
5270,F,66,6
5271,M,53,6
5272,M,22,1
5273,F,46,5
5274,F,37,7
5275,M,47,13
5276,M,35,18
5277,F,30,7
5278,F,54,16
5279,F,43,6
5280,F,58,2
5281,F,22,3
5282,F,61,16
5283,F,25,8
5284,F,67,7
5285,F,47,1
5286,F,56,6
5287,F,56,10
5288,F,55,4
5289,M,49,10
5290,F,62,12
5291,M,39,19
5292,F,20,1
5293,F,39,14
5294,M,29,11
5295,M,36,16
5296,F,51,11
5297,F,60,7
5298,M,36,19
5299,M,61,19
5300,M,68,8
5301,F,52,16
5302,M,36,17
5303,M,40,5
5304,F,21,17
5305,F,45,20
5306,F,20,15
5307,F,65,7
5308,F,61,5
5309,F,70,2
5310,F,31,8
5311,M,36,12
5312,F,51,5
5313,F,36,16
5314,F,54,18
5315,M,68,7
5316,M,34,2
5317,M,49,17
5318,F,31,13
5319,F,60,1
5320,F,32,7
5321,M,34,1
5322,M,57,14
5323,M,39,15
5324,M,44,13
5325,M,54,15
5326,F,22,9
5327,F,33,7
5328,F,34,6
5329,M,36,1
5330,M,19,11
5331,F,39,5
5332,F,69,13
5333,M,56,14
5334,F,41,6
5335,F,55,2
5336,F,36,19
5337,M,48,2
5338,M,47,3
5339,M,24,5
5340,M,49,6
5341,M,21,12
5342,F,37,3
5343,F,37,3
5344,F,41,18
5345,M,49,14
5346,F,60,5
5347,M,68,7
5348,F,26,4
5349,F,30,8
5350,M,57,18
5351,M,19,8
5352,F,18,2
5353,M,64,8
5354,M,24,17
5355,F,36,13
5356,F,17,17
5357,F,47,1
5358,F,51,3
5359,M,28,19
5360,M,29,8
5361,F,16,12
5362,M,53,12
5363,M,41,7
5364,M,50,1
5365,F,33,18
5366,F,48,13
5367,M,69,7
5368,F,37,7
5369,F,32,13
5370,M,57,10
5371,F,17,15
5372,F,29,6
5373,M,18,13
5374,M,63,7
5375,M,64,19
5376,F,69,7
5377,F,39,15
5378,M,57,8
5379,F,29,17
5380,M,35,1
5381,M,69,6
5382,F,29,16
5383,F,62,11
5384,F,41,20
5385,M,47,16
5386,F,66,8
5387,M,55,4
5388,M,70,1
5389,M,70,1
5390,F,16,10
5391,F,40,19
5392,M,22,2
5393,F,29,7
5394,F,63,12
5395,M,33,14
5396,M,35,2
5397,M,35,5
5398,F,45,7
5399,M,56,1
5400,F,27,1
5401,M,21,8
5402,F,53,18
5403,F,33,1
5404,F,20,5
5405,M,20,13
5406,F,17,2
5407,F,43,15
5408,F,27,1
5409,M,58,3
5410,F,61,10
5411,F,28,9
5412,M,58,9
5413,M,31,15
5414,M,57,2
5415,F,51,16
5416,M,61,2
5417,F,39,3
5418,F,45,16
5419,M,39,12
5420,M,36,12
5421,F,27,19
5422,F,39,15
5423,F,65,10
5424,M,68,16
5425,F,39,14
5426,M,54,9
5427,M,37,12
5428,F,44,18
5429,M,18,11
5430,M,54,11
5431,M,70,19
5432,M,68,7
5433,F,21,14
5434,M,48,18
5435,M,49,4
5436,M,32,18
5437,M,63,8
5438,F,47,4
5439,F,62,12
5440,F,49,13
5441,M,52,12
5442,F,60,4
5443,M,56,15
5444,M,69,7
5445,M,66,17
5446,M,47,5
5447,M,60,10
5448,M,64,13
5449,F,68,7
5450,M,68,7
5451,M,17,1
5452,F,23,7
5453,M,68,3
5454,M,32,15
5455,M,43,12
5456,F,16,20
5457,F,37,13
5458,F,29,10
5459,F,55,19
5460,F,56,20
5461,M,59,16
5462,M,47,11
5463,F,17,9
5464,F,67,13
5465,M,43,19
5466,F,59,16
5467,M,40,2
5468,F,64,3
5469,F,32,18
5470,M,21,8
5471,M,45,13
5472,F,31,20
5473,F,18,11
5474,F,51,15
5475,M,55,14
5476,M,16,5
5477,M,48,15
5478,M,48,6
5479,F,33,19
5480,F,67,18
5481,M,32,19
5482,M,60,17
5483,F,27,15
5484,F,70,6
5485,M,34,20
5486,F,43,4
5487,M,69,3
5488,M,46,16
5489,M,16,13
5490,M,65,13
5491,M,35,6
5492,M,37,19
5493,F,30,15
5494,M,22,6
5495,M,24,20
5496,M,44,16
5497,F,66,14
5498,M,61,17
5499,F,56,18
5500,M,42,16
5501,M,33,14
5502,F,20,3
5503,M,32,12
5504,F,41,17
5505,M,24,4
5506,M,26,3
5507,M,58,7
5508,F,58,18
5509,F,51,9
5510,F,20,6
5511,F,23,18
5512,M,30,7
5513,M,35,5
5514,F,16,12
5515,M,48,1
5516,M,49,9
5517,M,35,5
5518,F,31,16
5519,M,28,16
5520,F,46,7
5521,M,27,13
5522,M,25,5
5523,M,64,3
5524,F,48,3
5525,M,31,14
5526,F,30,9
5527,F,19,14
5528,M,36,13
5529,M,28,12
5530,F,44,20
5531,M,63,5
5532,F,55,17
5533,F,57,6
5534,M,54,17
5535,F,47,3
5536,F,54,1
5537,F,20,18
5538,M,61,5
5539,M,39,9
5540,F,33,15
5541,F,35,18
5542,F,35,16
5543,F,40,19
5544,M,46,11
5545,M,60,16
5546,F,50,17
5547,M,32,9
5548,F,34,20
5549,M,36,11
5550,M,52,7
5551,F,35,7
5552,F,49,14
5553,F,32,20
5554,F,58,7
5555,M,67,10
5556,M,59,12
5557,F,29,15
5558,M,23,10
5559,M,29,20
5560,F,27,16
5561,F,31,13
5562,F,61,9
5563,F,50,11
5564,M,32,20
5565,M,32,4
5566,F,68,18
5567,F,16,3
5568,M,67,9
5569,F,45,18
5570,F,48,19
5571,F,28,9
5572,M,43,16
5573,M,46,14
5574,F,36,4
5575,M,27,4
5576,F,64,2
5577,M,70,3
5578,F,22,18
5579,F,24,4
5580,F,29,2
5581,M,16,4
5582,F,55,9
5583,F,43,8
5584,M,30,20
5585,F,51,12
5586,M,25,1
5587,F,64,8
5588,M,67,13
5589,M,50,20
5590,M,26,3
5591,F,67,16
5592,M,22,8
5593,F,30,8
5594,F,55,6
5595,M,30,9
5596,M,16,8
5597,F,43,19
5598,F,44,7
5599,M,22,3
5600,F,61,15
5601,F,25,13
5602,F,17,18
5603,F,29,16
5604,F,66,17
5605,F,36,1
5606,F,48,20
5607,F,69,15
5608,M,39,5
5609,M,54,13
5610,M,66,13
5611,M,29,11
5612,F,41,9
5613,M,61,10
5614,M,40,20
5615,F,17,19
5616,M,57,3
5617,F,61,1
5618,F,52,12
5619,F,40,1
5620,F,43,15
5621,F,21,14
5622,F,38,8
5623,F,39,9
5624,F,26,6
5625,M,70,19
5626,M,70,2
5627,F,39,2
5628,M,21,6
5629,M,55,18
5630,M,32,3
5631,F,44,5
5632,F,25,14
5633,F,27,8
5634,F,35,6
5635,M,30,3
5636,M,52,6
5637,F,51,16
5638,F,26,8
5639,M,67,7
5640,M,20,4
5641,F,68,6
5642,M,65,15
5643,F,62,6
5644,M,50,6
5645,M,66,1
5646,F,70,6
5647,F,48,1
5648,M,41,5
5649,M,19,16
5650,M,70,5
5651,M,54,12
5652,F,45,8
5653,F,27,4
5654,M,26,20
5655,M,20,13
5656,M,16,10
5657,F,49,16
5658,F,51,18
5659,F,49,15
5660,F,66,20
5661,F,64,9
5662,F,26,17
5663,F,24,2
5664,M,20,20
5665,F,69,10
5666,M,54,14
5667,F,40,10
5668,F,17,11
5669,F,28,1
5670,M,43,5
5671,F,53,5
5672,F,41,8
5673,M,17,8
5674,F,32,16
5675,F,45,15
5676,F,29,15
5677,M,42,2
5678,M,25,4
5679,F,39,2
5680,F,45,13
5681,F,20,20
5682,F,38,17
5683,F,18,16
5684,M,38,11
5685,M,35,17
5686,M,16,4
5687,M,63,18
5688,F,19,1
5689,M,56,17
5690,F,17,15
5691,F,37,20
5692,F,38,20
5693,F,34,12
5694,M,67,17
5695,M,44,16
5696,F,64,17
5697,M,58,18
5698,M,25,13
5699,F,58,15
5700,F,25,5
5701,M,21,20
5702,F,33,13
5703,M,18,2
5704,F,16,5
5705,M,42,19
5706,M,42,5
5707,F,51,19
5708,F,29,1
5709,M,26,2
5710,F,62,16
5711,M,30,15
5712,M,59,16
5713,M,21,15
5714,F,55,12
5715,F,32,19
5716,F,56,11
5717,M,58,19
5718,F,67,20
5719,M,30,1
5720,F,46,9
5721,F,48,10
5722,F,62,13
5723,M,53,10
5724,F,22,5
5725,M,70,8
5726,M,45,5
5727,M,60,18
5728,F,42,13
5729,F,52,11
5730,F,21,8
5731,M,55,16
5732,M,65,11
5733,M,43,13
5734,F,25,14
5735,F,17,11
5736,F,23,10
5737,M,47,16
5738,F,53,7
5739,F,43,8
5740,F,31,20
5741,M,37,6
5742,F,53,13
5743,M,22,3
5744,M,66,1
5745,M,50,14
5746,F,21,5
5747,M,16,16
5748,M,18,5
5749,F,69,12
5750,F,58,19
5751,M,18,6
5752,F,37,4
5753,M,53,3
5754,M,55,1
5755,M,66,6
5756,F,68,16
5757,M,33,19
5758,F,55,17
5759,M,69,20
5760,F,24,3
5761,F,54,9
5762,M,57,17
5763,M,47,20
5764,M,60,10
5765,M,41,11
5766,M,60,16
5767,F,38,17
5768,F,34,13
5769,F,67,8
5770,F,58,11
5771,M,31,15
5772,M,61,5
5773,M,21,2
5774,M,25,4
5775,F,24,5
5776,M,34,11
5777,F,53,8
5778,F,43,14
5779,M,57,18
5780,F,61,7
5781,F,57,2
5782,F,26,13
5783,M,38,3
5784,M,18,9
5785,F,27,16
5786,F,58,13
5787,F,44,5
5788,F,63,14
5789,F,64,19
5790,M,16,6
5791,F,42,3
5792,F,37,5
5793,M,24,8
5794,F,33,7
5795,M,42,2
5796,M,56,12
5797,F,67,20
5798,F,37,1
5799,M,46,17
5800,M,29,5
5801,F,59,17
5802,F,49,13
5803,M,43,2
5804,F,62,19
5805,F,50,15
5806,M,34,11
5807,M,42,19
5808,M,46,14
5809,F,54,19
5810,M,36,19
5811,M,44,9
5812,F,57,2
5813,M,58,19
5814,F,41,9
5815,M,49,8
5816,M,30,15
5817,M,41,1
5818,F,19,3
5819,F,50,18
5820,F,17,17
5821,F,65,20
5822,M,47,19
5823,M,50,18
5824,F,65,4
5825,M,40,18
5826,F,27,18
5827,M,16,14
5828,M,37,8
5829,F,17,4
5830,M,63,9
5831,M,58,10
5832,F,42,6
5833,F,29,6
5834,F,22,10
5835,F,50,18
5836,M,20,5
5837,M,70,1
5838,M,20,9
5839,M,23,15
5840,F,23,17
5841,F,48,4
5842,F,58,20
5843,F,66,3
5844,F,66,3
5845,F,27,13
5846,M,50,9
5847,M,55,3
5848,M,26,5
5849,F,26,17
5850,M,46,12
5851,M,37,13
5852,F,22,17
5853,F,29,6
5854,M,55,16
5855,M,63,8
5856,F,51,15
5857,F,36,12
5858,M,18,2
5859,F,28,1
5860,F,17,12
5861,F,42,1
5862,F,45,3
5863,M,69,4
5864,M,53,5
5865,F,47,18
5866,F,23,20
5867,M,66,11
5868,M,35,18
5869,F,34,2
5870,M,19,10
5871,M,60,9
5872,F,25,9
5873,F,70,14
5874,M,49,12
5875,M,47,10
5876,F,42,1
5877,M,34,11
5878,M,61,3
5879,M,49,20
5880,M,39,4
5881,M,32,11
5882,F,23,6
5883,M,53,3
5884,M,19,9
5885,F,69,18
5886,M,67,18
5887,F,51,10
5888,M,41,2
5889,F,42,3
5890,F,33,2
5891,M,20,4
5892,M,22,16
5893,M,46,12
5894,F,50,4
5895,F,26,19
5896,M,21,11
5897,M,27,19
5898,M,56,1
5899,F,29,5
5900,M,63,17
5901,M,42,1
5902,F,52,7
5903,F,51,8
5904,M,43,7
5905,F,28,17
5906,F,38,5
5907,F,53,14
5908,F,33,8
5909,M,61,14
5910,F,57,20
5911,F,16,4
5912,F,53,7
5913,F,60,5
5914,M,68,19
5915,M,58,8
5916,M,61,2
5917,M,31,2
5918,M,59,13
5919,M,29,9
5920,M,52,1
5921,M,61,4
5922,M,42,4
5923,F,29,15
5924,M,25,4
5925,F,36,14
5926,F,58,17
5927,F,44,7
5928,M,29,13
5929,F,28,8
5930,F,47,9
5931,F,19,9
5932,M,43,15
5933,M,19,2
5934,F,49,10
5935,M,42,4
5936,F,25,10
5937,F,27,14
5938,M,46,17
5939,M,53,15
5940,F,35,8
5941,F,28,9
5942,F,40,9
5943,M,46,8
5944,F,24,1
5945,M,57,16
5946,F,30,18
5947,M,23,9
5948,F,49,9
5949,M,33,17
5950,F,63,13
5951,M,20,19
5952,M,31,10
5953,F,67,8
5954,M,56,16
5955,M,25,1
5956,F,65,18
5957,F,52,11
5958,M,46,7
5959,M,22,10
5960,F,32,9
5961,M,56,13
5962,F,22,13
5963,F,55,7
5964,M,36,2
5965,F,38,16
5966,M,50,11
5967,F,30,14
5968,M,60,3
5969,M,52,5
5970,M,42,2
5971,M,45,14
5972,M,22,18
5973,F,61,5
5974,M,63,7
5975,M,39,4
5976,M,32,1
5977,F,23,9
5978,F,29,3
5979,F,31,20
5980,M,21,9
5981,M,18,16
5982,F,50,6
5983,M,69,16
5984,M,66,14
5985,F,22,3
5986,M,52,9
5987,M,43,12
5988,F,64,15
5989,M,17,4
5990,M,58,9
5991,M,27,6
5992,M,63,2
5993,M,28,7
5994,M,24,10
5995,F,19,15
5996,M,55,5
5997,M,23,7
5998,F,56,10
5999,F,25,3
6000,M,46,13
